Workbook

Sheet MasterData
A1: CEKNIS | B1: CEKNISN | C1: NIS | D1: NISN | E1: NAMA | F1: JK | G1: KELAS | H1: ROMBEL | I1: TINGKAT | J1: TMS | K1: MAIL
A2: =if(len(C2)=4,"OK","INVALID") -> OK | B2: =if(len(D2)=10,"OK","INVALID") -> OK | C2: 7412 | D2: 0064692711 | E2: ABIDA NAFISA SAHDIN | F2: P | G2: =I2&H2 -> PURNA2025-AKL1 | H2: =VLOOKUP($C2,Userpass!$A$2:$L$3001,12,FALSE) -> AKL1 | I2: PURNA2025- | J2: 2022 | K2: =VLOOKUP($C2,Userpass!$A$2:$R$3001,2,FALSE) -> akl20227412.alumni@smkn12malang.sch.id
A3: =if(len(C3)=4,"OK","INVALID") -> OK | B3: =if(len(D3)=10,"OK","INVALID") -> OK | C3: 7417 | D3: 0057327509 | E3: ADAM AGUNG SETIAWAN | F3: L | G3: =I3&H3 -> PURNA2025-AKL1 | H3: =VLOOKUP($C3,Userpass!$A$2:$L$3001,12,FALSE) -> AKL1 | I3: PURNA2025- | J3: 2022 | K3: =VLOOKUP($C3,Userpass!$A$2:$R$3001,2,FALSE) -> akl20227417.alumni@smkn12malang.sch.id
A4: =if(len(C4)=4,"OK","INVALID") -> OK | B4: =if(len(D4)=10,"OK","INVALID") -> OK | C4: 7438 | D4: 0053495891 | E4: AINNUN NASIQA | F4: P | G4: =I4&H4 -> PURNA2025-AKL1 | H4: =VLOOKUP($C4,Userpass!$A$2:$L$3001,12,FALSE) -> AKL1 | I4: PURNA2025- | J4: 2022 | K4: =VLOOKUP($C4,Userpass!$A$2:$R$3001,2,FALSE) -> akl20227438.alumni@smkn12malang.sch.id
A5: =if(len(C5)=4,"OK","INVALID") -> OK | B5: =if(len(D5)=10,"OK","INVALID") -> OK | C5: 7439 | D5: 0069643883 | E5: AINUR ROSIDA | F5: P | G5: =I5&H5 -> PURNA2025-AKL1 | H5: =VLOOKUP($C5,Userpass!$A$2:$L$3001,12,FALSE) -> AKL1 | I5: PURNA2025- | J5: 2022 | K5: =VLOOKUP($C5,Userpass!$A$2:$R$3001,2,FALSE) -> akl20227439.alumni@smkn12malang.sch.id
A6: =if(len(C6)=4,"OK","INVALID") -> OK | B6: =if(len(D6)=10,"OK","INVALID") -> OK | C6: 7452 | D6: 0064107208 | E6: ALSITA NAINA MARDIYAH | F6: P | G6: =I6&H6 -> PURNA2025-AKL1 | H6: =VLOOKUP($C6,Userpass!$A$2:$L$3001,12,FALSE) -> AKL1 | I6: PURNA2025- | J6: 2022 | K6: =VLOOKUP($C6,Userpass!$A$2:$R$3001,2,FALSE) -> akl20227452.alumni@smkn12malang.sch.id
A7: =if(len(C7)=4,"OK","INVALID") -> OK | B7: =if(len(D7)=10,"OK","INVALID") -> OK | C7: 7476 | D7: 0069274624 | E7: ANITA MAUDI PUTRI S. | F7: P | G7: =I7&H7 -> PURNA2025-AKL1 | H7: =VLOOKUP($C7,Userpass!$A$2:$L$3001,12,FALSE) -> AKL1 | I7: PURNA2025- | J7: 2022 | K7: =VLOOKUP($C7,Userpass!$A$2:$R$3001,2,FALSE) -> akl20227476.alumni@smkn12malang.sch.id
A8: =if(len(C8)=4,"OK","INVALID") -> OK | B8: =if(len(D8)=10,"OK","INVALID") -> OK | C8: 7501 | D8: 0063450863 | E8: AULIA RAMADHANI | F8: P | G8: =I8&H8 -> PURNA2025-AKL1 | H8: =VLOOKUP($C8,Userpass!$A$2:$L$3001,12,FALSE) -> AKL1 | I8: PURNA2025- | J8: 2022 | K8: =VLOOKUP($C8,Userpass!$A$2:$R$3001,2,FALSE) -> akl20227501.alumni@smkn12malang.sch.id
A9: =if(len(C9)=4,"OK","INVALID") -> OK | B9: =if(len(D9)=10,"OK","INVALID") -> OK | C9: 7503 | D9: 0068735479 | E9: AXEL RIZKY RAMADHAN SAPUTRI | F9: P | G9: =I9&H9 -> PURNA2025-AKL1 | H9: =VLOOKUP($C9,Userpass!$A$2:$L$3001,12,FALSE) -> AKL1 | I9: PURNA2025- | J9: 2022 | K9: =VLOOKUP($C9,Userpass!$A$2:$R$3001,2,FALSE) -> akl20227503.alumni@smkn12malang.sch.id
A10: =if(len(C10)=4,"OK","INVALID") -> OK | B10: =if(len(D10)=10,"OK","INVALID") -> OK | C10: 7510 | D10: 0079578828 | E10: BALQIS SALSABILLA | F10: P | G10: =I10&H10 -> PURNA2025-AKL1 | H10: =VLOOKUP($C10,Userpass!$A$2:$L$3001,12,FALSE) -> AKL1 | I10: PURNA2025- | J10: 2022 | K10: =VLOOKUP($C10,Userpass!$A$2:$R$3001,2,FALSE) -> akl20227510.alumni@smkn12malang.sch.id
A11: =if(len(C11)=4,"OK","INVALID") -> OK | B11: =if(len(D11)=10,"OK","INVALID") -> OK | C11: 7529 | D11: 0074303312 | E11: CECIL MAULDYA KURNIAWAN | F11: P | G11: =I11&H11 -> PURNA2025-AKL1 | H11: =VLOOKUP($C11,Userpass!$A$2:$L$3001,12,FALSE) -> AKL1 | I11: PURNA2025- | J11: 2022 | K11: =VLOOKUP($C11,Userpass!$A$2:$R$3001,2,FALSE) -> akl20227529.alumni@smkn12malang.sch.id
A12: =if(len(C12)=4,"OK","INVALID") -> OK | B12: =if(len(D12)=10,"OK","INVALID") -> OK | C12: 7539 | D12: 0068045902 | E12: CITRA BELLA | F12: P | G12: =I12&H12 -> PURNA2025-AKL1 | H12: =VLOOKUP($C12,Userpass!$A$2:$L$3001,12,FALSE) -> AKL1 | I12: PURNA2025- | J12: 2022 | K12: =VLOOKUP($C12,Userpass!$A$2:$R$3001,2,FALSE) -> akl20227539.alumni@smkn12malang.sch.id
A13: =if(len(C13)=4,"OK","INVALID") -> OK | B13: =if(len(D13)=10,"OK","INVALID") -> OK | C13: 7561 | D13: 0069261445 | E13: DEVARA ADITYAN LESTARI | F13: P | G13: =I13&H13 -> PURNA2025-AKL1 | H13: =VLOOKUP($C13,Userpass!$A$2:$L$3001,12,FALSE) -> AKL1 | I13: PURNA2025- | J13: 2022 | K13: =VLOOKUP($C13,Userpass!$A$2:$R$3001,2,FALSE) -> akl20227561.alumni@smkn12malang.sch.id
... A223: =if(len(C223)=4,"OK","INVALID") -> OK | B223: =if(len(D223)=10,"OK","INVALID") -> OK | C223: 7560 | D223: 0065322309 | E223: DEVANI CAHYA WARDANIA | F223: P | G223: =I223&H223 -> PURNA2025-DKV2 | H223: =VLOOKUP($C223,Userpass!$A$2:$L$3001,12,FALSE) -> DKV2 | I223: PURNA2025- | J223: 2022 | K223: =VLOOKUP($C223,Userpass!$A$2:$R$3001,2,FALSE) -> dkv20227560.alumni@smkn12malang.sch.id
A224: =if(len(C224)=4,"OK","INVALID") -> OK | B224: =if(len(D224)=10,"OK","INVALID") -> INVALID | C224: 7583 | E224: DWI ANDIKA CAESAR RAMADHANI | F224: L | G224: =I224&H224 -> PURNA2025-DKV2 | H224: =VLOOKUP($C224,Userpass!$A$2:$L$3001,12,FALSE) -> DKV2 | I224: PURNA2025- | J224: 2022 | K224: =VLOOKUP($C224,Userpass!$A$2:$R$3001,2,FALSE) -> dkv20227583.alumni@smkn12malang.sch.id
A225: =if(len(C225)=4,"OK","INVALID") -> OK | B225: =if(len(D225)=10,"OK","INVALID") -> OK | C225: 7585 | D225: 0077885112 | E225: DWI FEBRIAN | F225: L | G225: =I225&H225 -> PURNA2025-DKV2 | H225: =VLOOKUP($C225,Userpass!$A$2:$L$3001,12,FALSE) -> DKV2 | I225: PURNA2025- | J225: 2022 | K225: =VLOOKUP($C225,Userpass!$A$2:$R$3001,2,FALSE) -> dkv20227585.alumni@smkn12malang.sch.id
A226: =if(len(C226)=4,"OK","INVALID") -> OK | B226: =if(len(D226)=10,"OK","INVALID") -> OK | C226: 7598 | D226: 0063291455 | E226: EXEL BUNGA KHARISMA | F226: P | G226: =I226&H226 -> PURNA2025-DKV2 | H226: =VLOOKUP($C226,Userpass!$A$2:$L$3001,12,FALSE) -> DKV2 | I226: PURNA2025- | J226: 2022 | K226: =VLOOKUP($C226,Userpass!$A$2:$R$3001,2,FALSE) -> dkv20227598.alumni@smkn12malang.sch.id
A227: =if(len(C227)=4,"OK","INVALID") -> OK | B227: =if(len(D227)=10,"OK","INVALID") -> OK | C227: 7613 | D227: 0078084303 | E227: FAREL AL JEFADILAH | F227: L | G227: =I227&H227 -> PURNA2025-DKV2 | H227: =VLOOKUP($C227,Userpass!$A$2:$L$3001,12,FALSE) -> DKV2 | I227: PURNA2025- | J227: 2022 | K227: =VLOOKUP($C227,Userpass!$A$2:$R$3001,2,FALSE) -> dkv20227613.alumni@smkn12malang.sch.id
A228: =if(len(C228)=4,"OK","INVALID") -> OK | B228: =if(len(D228)=10,"OK","INVALID") -> OK | C228: 7636 | D228: 0077170524 | E228: FORTUNATA PUSPA ADELFYAR | F228: P | G228: =I228&H228 -> PURNA2025-DKV2 | H228: =VLOOKUP($C228,Userpass!$A$2:$L$3001,12,FALSE) -> DKV2 | I228: PURNA2025- | J228: 2022 | K228: =VLOOKUP($C228,Userpass!$A$2:$R$3001,2,FALSE) -> dkv20227636.alumni@smkn12malang.sch.id
A229: =if(len(C229)=4,"OK","INVALID") -> OK | B229: =if(len(D229)=10,"OK","INVALID") -> OK | C229: 7664 | D229: 0078051875 | E229: INTAN NURAZIS | F229: P | G229: =I229&H229 -> PURNA2025-DKV2 | H229: =VLOOKUP($C229,Userpass!$A$2:$L$3001,12,FALSE) -> DKV2 | I229: PURNA2025- | J229: 2022 | K229: =VLOOKUP($C229,Userpass!$A$2:$R$3001,2,FALSE) -> dkv20227664.alumni@smkn12malang.sch.id
A230: =if(len(C230)=4,"OK","INVALID") -> OK | B230: =if(len(D230)=10,"OK","INVALID") -> OK | C230: 7676 | D230: 0073176349 | E230: JESSICA DWI NASUHA | F230: P | G230: =I230&H230 -> PURNA2025-DKV2 | H230: =VLOOKUP($C230,Userpass!$A$2:$L$3001,12,FALSE) -> DKV2 | I230: PURNA2025- | J230: 2022 | K230: =VLOOKUP($C230,Userpass!$A$2:$R$3001,2,FALSE) -> dkv20227676.alumni@smkn12malang.sch.id
A231: =if(len(C231)=4,"OK","INVALID") -> OK | B231: =if(len(D231)=10,"OK","INVALID") -> OK | C231: 7700 | D231: 0078316873 | E231: LITA MANDASARI SAGITA | F231: P | G231: =I231&H231 -> PURNA2025-DKV2 | H231: =VLOOKUP($C231,Userpass!$A$2:$L$3001,12,FALSE) -> DKV2 | I231: PURNA2025- | J231: 2022 | K231: =VLOOKUP($C231,Userpass!$A$2:$R$3001,2,FALSE) -> dkv20227700.alumni@smkn12malang.sch.id
A232: =if(len(C232)=4,"OK","INVALID") -> OK | B232: =if(len(D232)=10,"OK","INVALID") -> OK | C232: 7707 | D232: 0066082913 | E232: M. FAISAL ULUMUDDIN | F232: L | G232: =I232&H232 -> PURNA2025-DKV2 | H232: =VLOOKUP($C232,Userpass!$A$2:$L$3001,12,FALSE) -> DKV2 | I232: PURNA2025- | J232: 2022 | K232: =VLOOKUP($C232,Userpass!$A$2:$R$3001,2,FALSE) -> dkv20227707.alumni@smkn12malang.sch.id
A233: =if(len(C233)=4,"OK","INVALID") -> OK | B233: =if(len(D233)=10,"OK","INVALID") -> OK | C233: 7714 | D233: 0051658816 | E233: MAISHA AZAHRA | F233: P | G233: =I233&H233 -> PURNA2025-DKV2 | H233: =VLOOKUP($C233,Userpass!$A$2:$L$3001,12,FALSE) -> DKV2 | I233: PURNA2025- | J233: 2022 | K233: =VLOOKUP($C233,Userpass!$A$2:$R$3001,2,FALSE) -> dkv20227714.alumni@smkn12malang.sch.id
A234: =if(len(C234)=4,"OK","INVALID") -> OK | B234: =if(len(D234)=10,"OK","INVALID") -> OK | C234: 7724 | D234: 0061107250 | E234: MAVIRA YUSTIKA AZARINIE | F234: P | G234: =I234&H234 -> PURNA2025-DKV2 | H234: =VLOOKUP($C234,Userpass!$A$2:$L$3001,12,FALSE) -> DKV2 | I234: PURNA2025- | J234: 2022 | K234: =VLOOKUP($C234,Userpass!$A$2:$R$3001,2,FALSE) -> dkv20227724.alumni@smkn12malang.sch.id
A235: =if(len(C235)=4,"OK","INVALID") -> OK | B235: =if(len(D235)=10,"OK","INVALID") -> OK | C235: 7751 | D235: 0078204785 | E235: MOCHAMMAD ZIDANE FEBRIAN PRATAMA | F235: L | G235: =I235&H235 -> PURNA2025-DKV2 | H235: =VLOOKUP($C235,Userpass!$A$2:$L$3001,12,FALSE) -> DKV2 | I235: PURNA2025- | J235: 2022 | K235: =VLOOKUP($C235,Userpass!$A$2:$R$3001,2,FALSE) -> dkv20227751.alumni@smkn12malang.sch.id
A236: =if(len(C236)=4,"OK","INVALID") -> OK | B236: =if(len(D236)=10,"OK","INVALID") -> OK | C236: 7785 | D236: 0074265210 | E236: MUHAMMAD ILYAS JAUHAR | F236: L | G236: =I236&H236 -> PURNA2025-DKV2 | H236: =VLOOKUP($C236,Userpass!$A$2:$L$3001,12,FALSE) -> DKV2 | I236: PURNA2025- | J236: 2022 | K236: =VLOOKUP($C236,Userpass!$A$2:$R$3001,2,FALSE) -> dkv20227785.alumni@smkn12malang.sch.id
... A373: =if(len(C373)=4,"OK","INVALID") -> OK | B373: =if(len(D373)=10,"OK","INVALID") -> OK | C373: 7737 | D373: 0075901628 | E373: MOCH. GALIH UBAYDILLAH | F373: L | G373: =I373&H373 -> PURNA2025-OTO1 | H373: =VLOOKUP($C373,Userpass!$A$2:$L$3001,12,FALSE) -> OTO1 | I373: PURNA2025- | J373: 2022 | K373: =VLOOKUP($C373,Userpass!$A$2:$R$3001,2,FALSE) -> oto20227737.alumni@smkn12malang.sch.id
A374: =if(len(C374)=4,"OK","INVALID") -> OK | B374: =if(len(D374)=10,"OK","INVALID") -> INVALID | C374: 7739 | E374: MOCH. RIKO ANDRIANTO | F374: L | G374: =I374&H374 -> PURNA2025-OTO1 | H374: =VLOOKUP($C374,Userpass!$A$2:$L$3001,12,FALSE) -> OTO1 | I374: PURNA2025- | J374: 2022 | K374: =VLOOKUP($C374,Userpass!$A$2:$R$3001,2,FALSE) -> oto20227739.alumni@smkn12malang.sch.id
A375: =if(len(C375)=4,"OK","INVALID") -> OK | B375: =if(len(D375)=10,"OK","INVALID") -> OK | C375: 7744 | D375: 0076974955 | E375: MOCHAMAD FADJRI AGUSTINO | F375: L | G375: =I375&H375 -> PURNA2025-OTO1 | H375: =VLOOKUP($C375,Userpass!$A$2:$L$3001,12,FALSE) -> OTO1 | I375: PURNA2025- | J375: 2022 | K375: =VLOOKUP($C375,Userpass!$A$2:$R$3001,2,FALSE) -> oto20227744.alumni@smkn12malang.sch.id
A376: =if(len(C376)=4,"OK","INVALID") -> OK | B376: =if(len(D376)=10,"OK","INVALID") -> OK | C376: 7761 | D376: 0076235030 | E376: MUHAMAD AF RIZAL | F376: L | G376: =I376&H376 -> PURNA2025-OTO1 | H376: =VLOOKUP($C376,Userpass!$A$2:$L$3001,12,FALSE) -> OTO1 | I376: PURNA2025- | J376: 2022 | K376: =VLOOKUP($C376,Userpass!$A$2:$R$3001,2,FALSE) -> oto20227761.alumni@smkn12malang.sch.id
A377: =if(len(C377)=4,"OK","INVALID") -> OK | B377: =if(len(D377)=10,"OK","INVALID") -> OK | C377: 7765 | D377: 0069914287 | E377: MUHAMAD RAFLI NUR FADILAH | F377: L | G377: =I377&H377 -> PURNA2025-OTO1 | H377: =VLOOKUP($C377,Userpass!$A$2:$L$3001,12,FALSE) -> OTO1 | I377: PURNA2025- | J377: 2022 | K377: =VLOOKUP($C377,Userpass!$A$2:$R$3001,2,FALSE) -> oto20227765.alumni@smkn12malang.sch.id
A378: =if(len(C378)=4,"OK","INVALID") -> OK | B378: =if(len(D378)=10,"OK","INVALID") -> OK | C378: 7789 | D378: 0053126521 | E378: MUHAMMAD KARUNIAWAN | F378: L | G378: =I378&H378 -> PURNA2025-OTO1 | H378: =VLOOKUP($C378,Userpass!$A$2:$L$3001,12,FALSE) -> OTO1 | I378: PURNA2025- | J378: 2022 | K378: =VLOOKUP($C378,Userpass!$A$2:$R$3001,2,FALSE) -> oto20227789.alumni@smkn12malang.sch.id
A379: =if(len(C379)=4,"OK","INVALID") -> OK | B379: =if(len(D379)=10,"OK","INVALID") -> OK | C379: 7796 | D379: 0074698176 | E379: MUHAMMAD RAFLY REYNALDI | F379: L | G379: =I379&H379 -> PURNA2025-OTO1 | H379: =VLOOKUP($C379,Userpass!$A$2:$L$3001,12,FALSE) -> OTO1 | I379: PURNA2025- | J379: 2022 | K379: =VLOOKUP($C379,Userpass!$A$2:$R$3001,2,FALSE) -> oto20227796.alumni@smkn12malang.sch.id
A380: =if(len(C380)=4,"OK","INVALID") -> OK | B380: =if(len(D380)=10,"OK","INVALID") -> OK | C380: 7839 | D380: 0072586356 | E380: NENDRA AKBAR FIRMANSYAH | F380: L | G380: =I380&H380 -> PURNA2025-OTO1 | H380: =VLOOKUP($C380,Userpass!$A$2:$L$3001,12,FALSE) -> OTO1 | I380: PURNA2025- | J380: 2022 | K380: =VLOOKUP($C380,Userpass!$A$2:$R$3001,2,FALSE) -> oto20227839.alumni@smkn12malang.sch.id
A381: =if(len(C381)=4,"OK","INVALID") -> OK | B381: =if(len(D381)=10,"OK","INVALID") -> OK | C381: 7868 | D381: 0068283658 | E381: RAFIF RADITYA FERNANDO | F381: L | G381: =I381&H381 -> PURNA2025-OTO1 | H381: =VLOOKUP($C381,Userpass!$A$2:$L$3001,12,FALSE) -> OTO1 | I381: PURNA2025- | J381: 2022 | K381: =VLOOKUP($C381,Userpass!$A$2:$R$3001,2,FALSE) -> oto20227868.alumni@smkn12malang.sch.id
A382: =if(len(C382)=4,"OK","INVALID") -> OK | B382: =if(len(D382)=10,"OK","INVALID") -> OK | C382: 7872 | D382: 0062706443 | E382: RAHEL DIMAS PRAYOGA | F382: L | G382: =I382&H382 -> PURNA2025-OTO1 | H382: =VLOOKUP($C382,Userpass!$A$2:$L$3001,12,FALSE) -> OTO1 | I382: PURNA2025- | J382: 2022 | K382: =VLOOKUP($C382,Userpass!$A$2:$R$3001,2,FALSE) -> oto20227872.alumni@smkn12malang.sch.id
A383: =if(len(C383)=4,"OK","INVALID") -> OK | B383: =if(len(D383)=10,"OK","INVALID") -> OK | C383: 7895 | D383: 0074263156 | E383: RENDI SATYADIBRATA | F383: L | G383: =I383&H383 -> PURNA2025-OTO1 | H383: =VLOOKUP($C383,Userpass!$A$2:$L$3001,12,FALSE) -> OTO1 | I383: PURNA2025- | J383: 2022 | K383: =VLOOKUP($C383,Userpass!$A$2:$R$3001,2,FALSE) -> oto20227895.alumni@smkn12malang.sch.id
A384: =if(len(C384)=4,"OK","INVALID") -> OK | B384: =if(len(D384)=10,"OK","INVALID") -> OK | C384: 7910 | D384: 0075064114 | E384: RIF'AL BAAQI RIZQI | F384: L | G384: =I384&H384 -> PURNA2025-OTO1 | H384: =VLOOKUP($C384,Userpass!$A$2:$L$3001,12,FALSE) -> OTO1 | I384: PURNA2025- | J384: 2022 | K384: =VLOOKUP($C384,Userpass!$A$2:$R$3001,2,FALSE) -> oto20227910.alumni@smkn12malang.sch.id
A385: =if(len(C385)=4,"OK","INVALID") -> OK | B385: =if(len(D385)=10,"OK","INVALID") -> OK | C385: 7926 | D385: 0068910207 | E385: ROBI TANAMAL | F385: L | G385: =I385&H385 -> PURNA2025-OTO1 | H385: =VLOOKUP($C385,Userpass!$A$2:$L$3001,12,FALSE) -> OTO1 | I385: PURNA2025- | J385: 2022 | K385: =VLOOKUP($C385,Userpass!$A$2:$R$3001,2,FALSE) -> oto20227926.alumni@smkn12malang.sch.id
A386: =if(len(C386)=4,"OK","INVALID") -> OK | B386: =if(len(D386)=10,"OK","INVALID") -> OK | C386: 7963 | D386: 0076736472 | E386: SULTAN FALIH GHOZI | F386: L | G386: =I386&H386 -> PURNA2025-OTO1 | H386: =VLOOKUP($C386,Userpass!$A$2:$L$3001,12,FALSE) -> OTO1 | I386: PURNA2025- | J386: 2022 | K386: =VLOOKUP($C386,Userpass!$A$2:$R$3001,2,FALSE) -> oto20227963.alumni@smkn12malang.sch.id
... A588: =if(len(C588)=4,"OK","INVALID") -> OK | B588: =if(len(D588)=10,"OK","INVALID") -> OK | C588: 8887 | D588: 0093377553 | E588: HUZEIN AMILUHUR | F588: L | G588: =I588&H588 -> DROPOUT | H588: =VLOOKUP($C588,Userpass!$A$2:$L$3001,12,FALSE) -> OUT | I588: DROP | J588: 2024 | K588: =VLOOKUP($C588,Userpass!$A$2:$R$3001,2,FALSE) -> bcf20248887.siswa@smkn12malang.sch.id
A589: =if(len(C589)=4,"OK","INVALID") -> OK | B589: =if(len(D589)=10,"OK","INVALID") -> INVALID | C589: 9244 | E589: MARYAM ALHAIFA | F589: P | G589: =I589&H589 -> DROPOUT | H589: =VLOOKUP($C589,Userpass!$A$2:$L$3001,12,FALSE) -> OUT | I589: DROP | J589: 2023 | K589: =VLOOKUP($C589,Userpass!$A$2:$R$3001,2,FALSE) -> plg20239244.siswa@smkn12malang.sch.id
A590: =if(len(C590)=4,"OK","INVALID") -> OK | B590: =if(len(D590)=10,"OK","INVALID") -> OK | C590: 8962 | D590: 0086933008 | E590: MAURA LUVIA REVALINA | F590: P | G590: =I590&H590 -> DROPOUT | H590: =VLOOKUP($C590,Userpass!$A$2:$L$3001,12,FALSE) -> OUT | I590: DROP | J590: 2024 | K590: =VLOOKUP($C590,Userpass!$A$2:$R$3001,2,FALSE) -> klr20248962.siswa@smkn12malang.sch.id
A591: =if(len(C591)=4,"OK","INVALID") -> OK | B591: =if(len(D591)=10,"OK","INVALID") -> OK | C591: 8978 | D591: 0066829367 | E591: MOCHAMMAD INDRA | F591: L | G591: =I591&H591 -> DROPOUT | H591: =VLOOKUP($C591,Userpass!$A$2:$L$3001,12,FALSE) -> OUT | I591: DROP | J591: 2024 | K591: =VLOOKUP($C591,Userpass!$A$2:$R$3001,2,FALSE) -> jkt20248978.siswa@smkn12malang.sch.id
A592: =if(len(C592)=4,"OK","INVALID") -> OK | B592: =if(len(D592)=10,"OK","INVALID") -> OK | C592: 8984 | D592: 0085304064 | E592: MOH ANDHIKA NURHIDAYAH | F592: L | G592: =I592&H592 -> DROPOUT | H592: =VLOOKUP($C592,Userpass!$A$2:$L$3001,12,FALSE) -> OUT | I592: DROP | J592: 2024 | K592: =VLOOKUP($C592,Userpass!$A$2:$R$3001,2,FALSE) -> oto20248984.siswa@smkn12malang.sch.id
A593: =if(len(C593)=4,"OK","INVALID") -> OK | B593: =if(len(D593)=10,"OK","INVALID") -> OK | C593: 9001 | D593: 0071314193 | E593: MUHAMMAD ALFA RIZKY ROMADHON | F593: L | G593: =I593&H593 -> DROPOUT | H593: =VLOOKUP($C593,Userpass!$A$2:$L$3001,12,FALSE) -> OUT | I593: DROP | J593: 2024 | K593: =VLOOKUP($C593,Userpass!$A$2:$R$3001,2,FALSE) -> dkv20249001.siswa@smkn12malang.sch.id
A594: =if(len(C594)=4,"OK","INVALID") -> OK | B594: =if(len(D594)=10,"OK","INVALID") -> OK | C594: 8426 | D594: 0064850380 | E594: MUHAMMAD PRADITYO PUTRA | F594: L | G594: =I594&H594 -> DROPOUT | H594: =VLOOKUP($C594,Userpass!$A$2:$L$3001,12,FALSE) -> OUT | I594: DROP | J594: 2023 | K594: =VLOOKUP($C594,Userpass!$A$2:$R$3001,2,FALSE) -> jkt20238426.siswa@smkn12malang.sch.id
A595: =if(len(C595)=4,"OK","INVALID") -> OK | B595: =if(len(D595)=10,"OK","INVALID") -> OK | C595: 8464 | D595: 0079605954 | E595: NIZAR FAIRUS MADA | F595: L | G595: =I595&H595 -> DROPOUT | H595: =VLOOKUP($C595,Userpass!$A$2:$L$3001,12,FALSE) -> OUT | I595: DROP | J595: 2023 | K595: =VLOOKUP($C595,Userpass!$A$2:$R$3001,2,FALSE) -> oto20238464.siswa@smkn12malang.sch.id
A596: =if(len(C596)=4,"OK","INVALID") -> OK | B596: =if(len(D596)=10,"OK","INVALID") -> OK | C596: 9121 | D596: 0093036834 | E596: RENDY DWI ADITYA | F596: L | G596: =I596&H596 -> DROPOUT | H596: =VLOOKUP($C596,Userpass!$A$2:$L$3001,12,FALSE) -> OUT | I596: DROP | J596: 2024 | K596: =VLOOKUP($C596,Userpass!$A$2:$R$3001,2,FALSE) -> oto20249121.siswa@smkn12malang.sch.id
A597: =if(len(C597)=4,"OK","INVALID") -> OK | B597: =if(len(D597)=10,"OK","INVALID") -> OK | C597: 9144 | D597: 0098122282 | E597: RIZKY FAJAR PRASETYO | F597: L | G597: =I597&H597 -> DROPOUT | H597: =VLOOKUP($C597,Userpass!$A$2:$L$3001,12,FALSE) -> OUT | I597: DROP | J597: 2024 | K597: =VLOOKUP($C597,Userpass!$A$2:$R$3001,2,FALSE) -> jkt20249144.siswa@smkn12malang.sch.id
A598: =if(len(C598)=4,"OK","INVALID") -> OK | B598: =if(len(D598)=10,"OK","INVALID") -> OK | C598: 8578 | D598: 0087390112 | E598: TANTIKA APRILIA | F598: P | G598: =I598&H598 -> DROPOUT | H598: =VLOOKUP($C598,Userpass!$A$2:$L$3001,12,FALSE) -> OUT | I598: DROP | J598: 2023 | K598: =VLOOKUP($C598,Userpass!$A$2:$R$3001,2,FALSE) -> bcf20238578.siswa@smkn12malang.sch.id
A599: =if(len(C599)=4,"OK","INVALID") -> OK | B599: =if(len(D599)=10,"OK","INVALID") -> OK | C599: 9210 | D599: 3081520610 | E599: VIRA ADHA DETALYA | F599: P | G599: =I599&H599 -> DROPOUT | H599: =VLOOKUP($C599,Userpass!$A$2:$L$3001,12,FALSE) -> OUT | I599: DROP | J599: 2024 | K599: =VLOOKUP($C599,Userpass!$A$2:$R$3001,2,FALSE) -> plg20249210.siswa@smkn12malang.sch.id
A600: =if(len(C600)=4,"OK","INVALID") -> OK | B600: =if(len(D600)=10,"OK","INVALID") -> OK | C600: 9231 | D600: 0088457313 | E600: ZAHRONI PUTRA WAHYUDI | F600: L | G600: =I600&H600 -> DROPOUT | H600: =VLOOKUP($C600,Userpass!$A$2:$L$3001,12,FALSE) -> OUT | I600: DROP | J600: 2024 | K600: =VLOOKUP($C600,Userpass!$A$2:$R$3001,2,FALSE) -> oto20249231.siswa@smkn12malang.sch.id
A601: =if(len(C601)=4,"OK","INVALID") -> OK | B601: =if(len(D601)=10,"OK","INVALID") -> OK | C601: 9253 | D601: 0098760244 | E601: ACHMAD FAIRUZ ABDIANSYAH | G601: =I601&H601 -> XAKN1 | H601: =VLOOKUP($C601,Userpass!$A$2:$L$3001,12,FALSE) -> AKN1 | I601: X | J601: 2025 | K601: akn20259253.siswa@smkn12malang.sch.id
A602: =if(len(C602)=4,"OK","INVALID") -> OK | B602: =if(len(D602)=10,"OK","INVALID") -> OK | C602: 9263 | D602: 0091081112 | E602: ADINDA NOVITA SARI | G602: =I602&H602 -> XAKN1 | H602: =VLOOKUP($C602,Userpass!$A$2:$L$3001,12,FALSE) -> AKN1 | I602: X | J602: 2025 | K602: akn20259263.siswa@smkn12malang.sch.id
A603: =if(len(C603)=4,"OK","INVALID") -> OK | B603: =if(len(D603)=10,"OK","INVALID") -> OK | C603: 9271 | D603: 0096016691 | E603: AGNES OKTAVIA META | G603: =I603&H603 -> XAKN1 | H603: =VLOOKUP($C603,Userpass!$A$2:$L$3001,12,FALSE) -> AKN1 | I603: X | J603: 2025 | K603: akn20259271.siswa@smkn12malang.sch.id
A604: =if(len(C604)=4,"OK","INVALID") -> OK | B604: =if(len(D604)=10,"OK","INVALID") -> OK | C604: 9289 | D604: 0094694798 | E604: AISYA DEWI AMANDA | G604: =I604&H604 -> XAKN1 | H604: =VLOOKUP($C604,Userpass!$A$2:$L$3001,12,FALSE) -> AKN1 | I604: X | J604: 2025 | K604: akn20259289.siswa@smkn12malang.sch.id
A605: =if(len(C605)=4,"OK","INVALID") -> OK | B605: =if(len(D605)=10,"OK","INVALID") -> OK | C605: 9314 | D605: 0109665411 | E605: ALYA NAJWA HAMIDAH | G605: =I605&H605 -> XAKN1 | H605: =VLOOKUP($C605,Userpass!$A$2:$L$3001,12,FALSE) -> AKN1 | I605: X | J605: 2025 | K605: akn20259314.siswa@smkn12malang.sch.id
A606: =if(len(C606)=4,"OK","INVALID") -> OK | B606: =if(len(D606)=10,"OK","INVALID") -> OK | C606: 9331 | D606: 0109368200 | E606: ANDRA BIMA YUDHA | G606: =I606&H606 -> XAKN1 | H606: =VLOOKUP($C606,Userpass!$A$2:$L$3001,12,FALSE) -> AKN1 | I606: X | J606: 2025 | K606: akn20259331.siswa@smkn12malang.sch.id
A607: =if(len(C607)=4,"OK","INVALID") -> OK | B607: =if(len(D607)=10,"OK","INVALID") -> OK | C607: 9342 | D607: 0104535697 | E607: ARINA MAULIDINA | G607: =I607&H607 -> XAKN1 | H607: =VLOOKUP($C607,Userpass!$A$2:$L$3001,12,FALSE) -> AKN1 | I607: X | J607: 2025 | K607: akn20259342.siswa@smkn12malang.sch.id
A608: =if(len(C608)=4,"OK","INVALID") -> OK | B608: =if(len(D608)=10,"OK","INVALID") -> OK | C608: 9357 | D608: 0101657626 | E608: AURA ALIFIA | G608: =I608&H608 -> XAKN1 | H608: =VLOOKUP($C608,Userpass!$A$2:$L$3001,12,FALSE) -> AKN1 | I608: X | J608: 2025 | K608: akn20259357.siswa@smkn12malang.sch.id
A609: =if(len(C609)=4,"OK","INVALID") -> OK | B609: =if(len(D609)=10,"OK","INVALID") -> OK | C609: 9382 | D609: 0108917380 | E609: CALYSTA ALSYADILA PUTRI | G609: =I609&H609 -> XAKN1 | H609: =VLOOKUP($C609,Userpass!$A$2:$L$3001,12,FALSE) -> AKN1 | I609: X | J609: 2025 | K609: akn20259382.siswa@smkn12malang.sch.id
A610: =if(len(C610)=4,"OK","INVALID") -> OK | B610: =if(len(D610)=10,"OK","INVALID") -> OK | C610: 9394 | D610: 0093060657 | E610: CINTA GLADYS ANINDYA | G610: =I610&H610 -> XAKN1 | H610: =VLOOKUP($C610,Userpass!$A$2:$L$3001,12,FALSE) -> AKN1 | I610: X | J610: 2025 | K610: akn20259394.siswa@smkn12malang.sch.id
A611: =if(len(C611)=4,"OK","INVALID") -> OK | B611: =if(len(D611)=10,"OK","INVALID") -> OK | C611: 9407 | D611: 0097464384 | E611: DEVI RISQA LESTARI | G611: =I611&H611 -> XAKN1 | H611: =VLOOKUP($C611,Userpass!$A$2:$L$3001,12,FALSE) -> AKN1 | I611: X | J611: 2025 | K611: akn20259407.siswa@smkn12malang.sch.id
A612: =if(len(C612)=4,"OK","INVALID") -> OK | B612: =if(len(D612)=10,"OK","INVALID") -> OK | C612: 9414 | D612: 0106263222 | E612: DHINIE ARMANITA PUTRI AULYA | G612: =I612&H612 -> XAKN1 | H612: =VLOOKUP($C612,Userpass!$A$2:$L$3001,12,FALSE) -> AKN1 | I612: X | J612: 2025 | K612: akn20259414.siswa@smkn12malang.sch.id
... A852: =if(len(C852)=4,"OK","INVALID") -> OK | B852: =if(len(D852)=10,"OK","INVALID") -> OK | C852: 9838 | D852: 0101444668 | E852: ZAHRA NAZILATURRAHMA | G852: =I852&H852 -> XKLR1 | H852: =VLOOKUP($C852,Userpass!$A$2:$L$3001,12,FALSE) -> KLR1 | I852: X | J852: 2025 | K852: klr20259838.siswa@smkn12malang.sch.id
A853: =if(len(C853)=4,"OK","INVALID") -> OK | B853: =if(len(D853)=10,"OK","INVALID") -> OK | C853: 9245 | D853: 0097938415 | E853: A UBAIDILLAH RAIHAN S | G853: =I853&H853 -> XPFL1 | H853: =VLOOKUP($C853,Userpass!$A$2:$L$3000,12,FALSE) -> PFL1 | I853: X | J853: 2025 | K853: pfl20259245.siswa@smkn12malang.sch.id
A854: =if(len(C854)=4,"OK","INVALID") -> OK | B854: =if(len(D854)=10,"OK","INVALID") -> OK | C854: 9258 | D854: 0094010464 | E854: ACHMAD UMAR ARIFIN | G854: =I854&H854 -> XPFL1 | H854: =VLOOKUP($C854,Userpass!$A$2:$L$3001,12,FALSE) -> PFL1 | I854: X | J854: 2025 | K854: pfl20259258.siswa@smkn12malang.sch.id
A855: =if(len(C855)=4,"OK","INVALID") -> OK | B855: =if(len(D855)=10,"OK","INVALID") -> OK | C855: 9262 | D855: 0099490635 | E855: ADILLA JELITA HAPPY VIJAYANTI | G855: =I855&H855 -> XPFL1 | H855: =VLOOKUP($C855,Userpass!$A$2:$L$3001,12,FALSE) -> PFL1 | I855: X | J855: 2025 | K855: pfl20259262.siswa@smkn12malang.sch.id
A856: =if(len(C856)=4,"OK","INVALID") -> OK | B856: =if(len(D856)=10,"OK","INVALID") -> OK | C856: 9276 | D856: 0099972240 | E856: AHMAD ALIF FAISZI | G856: =I856&H856 -> XPFL1 | H856: =VLOOKUP($C856,Userpass!$A$2:$L$3001,12,FALSE) -> PFL1 | I856: X | J856: 2025 | K856: pfl20259276.siswa@smkn12malang.sch.id
A857: =if(len(C857)=4,"OK","INVALID") -> OK | B857: =if(len(D857)=10,"OK","INVALID") -> OK | C857: 9298 | D857: 0107008267 | E857: ALEA SAFARA FEBIAWAN | G857: =I857&H857 -> XPFL1 | H857: =VLOOKUP($C857,Userpass!$A$2:$L$3001,12,FALSE) -> PFL1 | I857: X | J857: 2025 | K857: pfl20259298.siswa@smkn12malang.sch.id
A858: =if(len(C858)=4,"OK","INVALID") -> OK | B858: =if(len(D858)=10,"OK","INVALID") -> OK | C858: 9303 | D858: 0092596972 | E858: ALIF ATAYA RIZKY SAPUTRO | G858: =I858&H858 -> XPFL1 | H858: =VLOOKUP($C858,Userpass!$A$2:$L$3001,12,FALSE) -> PFL1 | I858: X | J858: 2025 | K858: pfl20259303.siswa@smkn12malang.sch.id
A859: =if(len(C859)=4,"OK","INVALID") -> OK | B859: =if(len(D859)=10,"OK","INVALID") -> OK | C859: 9306 | D859: 0091024131 | E859: ALMIRA NADIA PUTRI | G859: =I859&H859 -> XPFL1 | H859: =VLOOKUP($C859,Userpass!$A$2:$L$3001,12,FALSE) -> PFL1 | I859: X | J859: 2025 | K859: pfl20259306.siswa@smkn12malang.sch.id
A860: =if(len(C860)=4,"OK","INVALID") -> OK | B860: =if(len(D860)=10,"OK","INVALID") -> OK | C860: 9359 | D860: 0106269737 | E860: AURELIA MONICA PUTRI GUNAWAN | G860: =I860&H860 -> XPFL1 | H860: =VLOOKUP($C860,Userpass!$A$2:$L$3001,12,FALSE) -> PFL1 | I860: X | J860: 2025 | K860: pfl20259359.siswa@smkn12malang.sch.id
A861: =if(len(C861)=4,"OK","INVALID") -> OK | B861: =if(len(D861)=10,"OK","INVALID") -> OK | C861: 9404 | D861: 0102743098 | E861: DAVIANDRA MALIK ALDIANO | G861: =I861&H861 -> XPFL1 | H861: =VLOOKUP($C861,Userpass!$A$2:$L$3001,12,FALSE) -> PFL1 | I861: X | J861: 2025 | K861: pfl20259404.siswa@smkn12malang.sch.id
A862: =if(len(C862)=4,"OK","INVALID") -> OK | B862: =if(len(D862)=10,"OK","INVALID") -> OK | C862: 8826 | D862: 0089906736 | E862: FAHRI LUKMAN SETYAWAN | F862: L | G862: =I862&H862 -> XPFL1 | H862: =VLOOKUP($C862,Userpass!$A$2:$L$3001,12,FALSE) -> PFL1 | I862: X | J862: 2024 | K862: bcf20248826.siswa@smkn12malang.sch.id
A863: =if(len(C863)=4,"OK","INVALID") -> OK | B863: =if(len(D863)=10,"OK","INVALID") -> OK | C863: 9446 | D863: 0107089248 | E863: FAMIELA CINTA RADINSA | G863: =I863&H863 -> XPFL1 | H863: =VLOOKUP($C863,Userpass!$A$2:$L$3001,12,FALSE) -> PFL1 | I863: X | J863: 2025 | K863: pfl20259446.siswa@smkn12malang.sch.id
A864: =if(len(C864)=4,"OK","INVALID") -> OK | B864: =if(len(D864)=10,"OK","INVALID") -> OK | C864: 9455 | D864: 0092601424 | E864: FATAHILLA ARJUN WIRA PRASETYO | G864: =I864&H864 -> XPFL1 | H864: =VLOOKUP($C864,Userpass!$A$2:$L$3001,12,FALSE) -> PFL1 | I864: X | J864: 2025 | K864: pfl20259455.siswa@smkn12malang.sch.id
A865: =if(len(C865)=4,"OK","INVALID") -> OK | B865: =if(len(D865)=10,"OK","INVALID") -> OK | C865: 9468 | D865: 0094985049 | E865: FRIEZA AGUSTINE SALSABILLAH | G865: =I865&H865 -> XPFL1 | H865: =VLOOKUP($C865,Userpass!$A$2:$L$3001,12,FALSE) -> PFL1 | I865: X | J865: 2025 | K865: pfl20259468.siswa@smkn12malang.sch.id
A866: =if(len(C866)=4,"OK","INVALID") -> OK | B866: =if(len(D866)=10,"OK","INVALID") -> OK | C866: 9516 | D866: 0105456411 | E866: KANIA PUTRI ARIETA | G866: =I866&H866 -> XPFL1 | H866: =VLOOKUP($C866,Userpass!$A$2:$L$3001,12,FALSE) -> PFL1 | I866: X | J866: 2025 | K866: pfl20259516.siswa@smkn12malang.sch.id
A867: =if(len(C867)=4,"OK","INVALID") -> OK | B867: =if(len(D867)=10,"OK","INVALID") -> OK | C867: 9520 | D867: 0099772196 | E867: KEISYA AYU AGUSTIN | G867: =I867&H867 -> XPFL1 | H867: =VLOOKUP($C867,Userpass!$A$2:$L$3001,12,FALSE) -> PFL1 | I867: X | J867: 2025 | K867: pfl20259520.siswa@smkn12malang.sch.id
A868: =if(len(C868)=4,"OK","INVALID") -> OK | B868: =if(len(D868)=10,"OK","INVALID") -> OK | C868: 9521 | D868: 0096155330 | E868: KEN MAHASAHASSI | G868: =I868&H868 -> XPFL1 | H868: =VLOOKUP($C868,Userpass!$A$2:$L$3001,12,FALSE) -> PFL1 | I868: X | J868: 2025 | K868: pfl20259521.siswa@smkn12malang.sch.id
A869: =if(len(C869)=4,"OK","INVALID") -> OK | B869: =if(len(D869)=10,"OK","INVALID") -> OK | C869: 9525 | D869: 0103321436 | E869: KHESIA AURELIA SAHARANI | G869: =I869&H869 -> XPFL1 | H869: =VLOOKUP($C869,Userpass!$A$2:$L$3001,12,FALSE) -> PFL1 | I869: X | J869: 2025 | K869: pfl20259525.siswa@smkn12malang.sch.id
A870: =if(len(C870)=4,"OK","INVALID") -> OK | B870: =if(len(D870)=10,"OK","INVALID") -> OK | C870: 9585 | D870: 0084078901 | E870: MOCHAMMAD NASYIR ALMAKI | G870: =I870&H870 -> XPFL1 | H870: =VLOOKUP($C870,Userpass!$A$2:$L$3001,12,FALSE) -> PFL1 | I870: X | J870: 2025 | K870: pfl20259585.siswa@smkn12malang.sch.id
A871: =if(len(C871)=4,"OK","INVALID") -> OK | B871: =if(len(D871)=10,"OK","INVALID") -> OK | C871: 9608 | D871: 0098704085 | E871: MUHAMMAD ALFIAN SALAFIN | G871: =I871&H871 -> XPFL1 | H871: =VLOOKUP($C871,Userpass!$A$2:$L$3001,12,FALSE) -> PFL1 | I871: X | J871: 2025 | K871: pfl20259608.siswa@smkn12malang.sch.id
A872: =if(len(C872)=4,"OK","INVALID") -> OK | B872: =if(len(D872)=10,"OK","INVALID") -> OK | C872: 9611 | D872: 0102914434 | E872: MUHAMMAD ALIF FADHIL SYAHROMI | G872: =I872&H872 -> XPFL1 | H872: =VLOOKUP($C872,Userpass!$A$2:$L$3001,12,FALSE) -> PFL1 | I872: X | J872: 2025 | K872: pfl20259611.siswa@smkn12malang.sch.id
A873: =if(len(C873)=4,"OK","INVALID") -> OK | B873: =if(len(D873)=10,"OK","INVALID") -> OK | C873: 9635 | D873: 0072333554 | E873: MUHAMMAD SEAMY AL AKBAR | G873: =I873&H873 -> XPFL1 | H873: =VLOOKUP($C873,Userpass!$A$2:$L$3001,12,FALSE) -> PFL1 | I873: X | J873: 2025 | K873: pfl20259635.siswa@smkn12malang.sch.id
A874: =if(len(C874)=4,"OK","INVALID") -> OK | B874: =if(len(D874)=10,"OK","INVALID") -> OK | C874: 9652 | D874: 0099686211 | E874: NADINE ELENA AISHWARYATISHA | G874: =I874&H874 -> XPFL1 | H874: =VLOOKUP($C874,Userpass!$A$2:$L$3001,12,FALSE) -> PFL1 | I874: X | J874: 2025 | K874: pfl20259652.siswa@smkn12malang.sch.id
... A1067: =if(len(C1067)=4,"OK","INVALID") -> OK | B1067: =if(len(D1067)=10,"OK","INVALID") -> OK | C1067: 9817 | D1067: 0095808389 | E1067: VICTORYA SURYA PUTRI | G1067: =I1067&H1067 -> XTKR1 | H1067: =VLOOKUP($C1067,Userpass!$A$2:$L$3001,12,FALSE) -> TKR1 | I1067: X | J1067: 2025 | K1067: tkr20259817.siswa@smkn12malang.sch.id
A1068: =if(len(C1068)=4,"OK","INVALID") -> OK | B1068: =if(len(D1068)=10,"OK","INVALID") -> INVALID | C1068: 9852 | E1068: ZULVANTON | G1068: =I1068&H1068 -> XTKR1 | H1068: =VLOOKUP($C1068,Userpass!$A$2:$L$3001,12,FALSE) -> TKR1 | I1068: X | J1068: 2025 | K1068: tkr20259852.siswa@smkn12malang.sch.id
A1069: =if(len(C1069)=4,"OK","INVALID") -> OK | B1069: =if(len(D1069)=10,"OK","INVALID") -> OK | C1069: 9255 | D1069: 3093981612 | E1069: ACHMAD FELIX DZIKRULLAH | G1069: =I1069&H1069 -> XTKR2 | H1069: =VLOOKUP($C1069,Userpass!$A$2:$L$3001,12,FALSE) -> TKR2 | I1069: X | J1069: 2025 | K1069: tkr20259255.siswa@smkn12malang.sch.id
A1070: =if(len(C1070)=4,"OK","INVALID") -> OK | B1070: =if(len(D1070)=10,"OK","INVALID") -> OK | C1070: 9260 | D1070: 0097385091 | E1070: ADHISTIRA WIDAYADILLAH | G1070: =I1070&H1070 -> XTKR2 | H1070: =VLOOKUP($C1070,Userpass!$A$2:$L$3001,12,FALSE) -> TKR2 | I1070: X | J1070: 2025 | K1070: tkr20259260.siswa@smkn12malang.sch.id
A1071: =if(len(C1071)=4,"OK","INVALID") -> OK | B1071: =if(len(D1071)=10,"OK","INVALID") -> OK | C1071: 9284 | D1071: 3104958814 | E1071: AHMAD RAHMAD AFANDI | G1071: =I1071&H1071 -> XTKR2 | H1071: =VLOOKUP($C1071,Userpass!$A$2:$L$3001,12,FALSE) -> TKR2 | I1071: X | J1071: 2025 | K1071: tkr20259284.siswa@smkn12malang.sch.id
A1072: =if(len(C1072)=4,"OK","INVALID") -> OK | B1072: =if(len(D1072)=10,"OK","INVALID") -> OK | C1072: 9296 | D1072: 0096580518 | E1072: AKSEL SUASTUSAIS VERNANDES | G1072: =I1072&H1072 -> XTKR2 | H1072: =VLOOKUP($C1072,Userpass!$A$2:$L$3001,12,FALSE) -> TKR2 | I1072: X | J1072: 2025 | K1072: tkr20259296.siswa@smkn12malang.sch.id
A1073: =if(len(C1073)=4,"OK","INVALID") -> OK | B1073: =if(len(D1073)=10,"OK","INVALID") -> OK | C1073: 9307 | D1073: 0109324966 | E1073: ALMIRA NURUL QOLBI | G1073: =I1073&H1073 -> XTKR2 | H1073: =VLOOKUP($C1073,Userpass!$A$2:$L$3001,12,FALSE) -> TKR2 | I1073: X | J1073: 2025 | K1073: tkr20259307.siswa@smkn12malang.sch.id
A1074: =if(len(C1074)=4,"OK","INVALID") -> OK | B1074: =if(len(D1074)=10,"OK","INVALID") -> OK | C1074: 9319 | D1074: 0091081451 | E1074: ANANDA DAVA RAMADHANI | G1074: =I1074&H1074 -> XTKR2 | H1074: =VLOOKUP($C1074,Userpass!$A$2:$L$3001,12,FALSE) -> TKR2 | I1074: X | J1074: 2025 | K1074: tkr20259319.siswa@smkn12malang.sch.id
A1075: =if(len(C1075)=4,"OK","INVALID") -> OK | B1075: =if(len(D1075)=10,"OK","INVALID") -> OK | C1075: 8720 | D1075: 0083019599 | E1075: ARIS PUTRA ARDIANSAH | F1075: L | G1075: =I1075&H1075 -> XTKR2 | H1075: =VLOOKUP($C1075,Userpass!$A$2:$L$3001,12,FALSE) -> TKR2 | I1075: X | J1075: 2024 | K1075: oto20248720.siswa@smkn12malang.sch.id
A1076: =if(len(C1076)=4,"OK","INVALID") -> OK | B1076: =if(len(D1076)=10,"OK","INVALID") -> OK | C1076: 9350 | D1076: 0095140198 | E1076: ATHALLAH SYAHMI FIRDAUS CAUNANG | G1076: =I1076&H1076 -> XTKR2 | H1076: =VLOOKUP($C1076,Userpass!$A$2:$L$3001,12,FALSE) -> TKR2 | I1076: X | J1076: 2025 | K1076: tkr20259350.siswa@smkn12malang.sch.id
A1077: =if(len(C1077)=4,"OK","INVALID") -> OK | B1077: =if(len(D1077)=10,"OK","INVALID") -> OK | C1077: 8752 | D1077: 0082093419 | E1077: BAYU WAHYU SASMITO | F1077: L | G1077: =I1077&H1077 -> XTKR2 | H1077: =VLOOKUP($C1077,Userpass!$A$2:$L$3001,12,FALSE) -> TKR2 | I1077: X | J1077: 2024 | K1077: oto20248752.siswa@smkn12malang.sch.id
...

Sheet Userpass
A1: profile_field_nis | B1: username | C1: password | D1: email | E1: firstname | F1: lastname | G1: institution | H1: department | I1: city | J1: country | K1: profile_field_tms | L1: profile_field_rmbl | M1: profile_field_nisn | N1: profile_field_lahir | O1: profile_field_nik | P1: checkup | Q1: checkout
A2: 8669 | B2: oto20248669.siswa@smkn12malang.sch.id | C2: fD*?*2&k?ZW{ | D2: oto20248669.siswa@smkn12malang.sch.id | E2: AHMAD SIFAUL QOLBI | F2: =H2&L2 -> DROPOUT | G2: SMK NEGERI 12 MALANG | H2: DROP | I2: MALANG | J2: ID | K2: 192024 | L2: OUT | M2: 0083714798 | P2: =VLOOKUP($A2,MasterData!$C$1:$I$3001,1,FALSE) -> 8669 | Q2: =if(P2=A2,F2,"OUT") -> DROPOUT
A3: 8056 | B3: oto20238056.siswa@smkn12malang.sch.id | C3: [EtKv8vQ?}Jp | D3: oto20238056.siswa@smkn12malang.sch.id | E3: AKBAR ARFIYAN AKHMAD | F3: =H3&L3 -> DROPOUT | G3: SMK NEGERI 12 MALANG | H3: DROP | I3: MALANG | J3: ID | K3: 182023 | L3: OUT | M3: 0077944026 | N3: Not set | O3: 0 | P3: =VLOOKUP($A3,MasterData!$C$1:$I$3001,1,FALSE) -> 8056 | Q3: =if(P3=A3,F3,"OUT") -> DROPOUT
A4: 8109 | B4: oto20238109.siswa@smkn12malang.sch.id | C4: hhex]SV/&EK7 | D4: oto20238109.siswa@smkn12malang.sch.id | E4: ARFI ARDIANSYAH | F4: =H4&L4 -> DROPOUT | G4: SMK NEGERI 12 MALANG | H4: DROP | I4: MALANG | J4: ID | K4: 182023 | L4: OUT | M4: 0072615517 | N4: Not set | O4: 0 | P4: =VLOOKUP($A4,MasterData!$C$1:$I$3001,1,FALSE) -> 8109 | Q4: =if(P4=A4,F4,"OUT") -> DROPOUT
A5: 8143 | B5: jkt20238143.siswa@smkn12malang.sch.id | C5: z?PW2]2-*rs( | D5: jkt20238143.siswa@smkn12malang.sch.id | E5: BUNGA MEGA CITRA SARI | F5: =H5&L5 -> DROPOUT | G5: SMK NEGERI 12 MALANG | H5: DROP | I5: MALANG | J5: ID | K5: 182023 | L5: OUT | M5: 0067105649 | N5: 5 August 2006 | O5: 3507244508060001 | P5: =VLOOKUP($A5,MasterData!$C$1:$I$3001,1,FALSE) -> 8143 | Q5: =if(P5=A5,F5,"OUT") -> DROPOUT
A6: 8178 | B6: klr20238178.siswa@smkn12malang.sch.id | C6: KGHw^+fQmzn8 | D6: klr20238178.siswa@smkn12malang.sch.id | E6: DENDA WIGUNA JAYA DIKARTA | F6: =H6&L6 -> DROPOUT | G6: SMK NEGERI 12 MALANG | H6: DROP | I6: MALANG | J6: ID | K6: 182023 | L6: OUT | M6: 0075980857 | N6: Not set | O6: 0 | P6: =VLOOKUP($A6,MasterData!$C$1:$I$3001,1,FALSE) -> 8178 | Q6: =if(P6=A6,F6,"OUT") -> DROPOUT
A7: 8799 | B7: jkt20248799.siswa@smkn12malang.sch.id | C7: y2&R@*2RC&Zh | D7: jkt20248799.siswa@smkn12malang.sch.id | E7: DINA PUTRI RAMADHANI | F7: =H7&L7 -> DROPOUT | G7: SMK NEGERI 12 MALANG | H7: DROP | I7: MALANG | J7: ID | K7: 192024 | L7: OUT | M7: 0085200236 | P7: =VLOOKUP($A7,MasterData!$C$1:$I$3001,1,FALSE) -> 8799 | Q7: =if(P7=A7,F7,"OUT") -> DROPOUT
A8: 8800 | B8: jkt20248800.siswa@smkn12malang.sch.id | C8: N8Qjww}?AjGC | D8: jkt20248800.siswa@smkn12malang.sch.id | E8: DINAR MAULITA | F8: =H8&L8 -> DROPOUT | G8: SMK NEGERI 12 MALANG | H8: DROP | I8: MALANG | J8: ID | K8: 192024 | L8: OUT | M8: 0085878719 | P8: =VLOOKUP($A8,MasterData!$C$1:$I$3001,1,FALSE) -> 8800 | Q8: =if(P8=A8,F8,"OUT") -> DROPOUT
A9: 8199 | B9: jkt20238199.siswa@smkn12malang.sch.id | C9: V/Lqa3ZU+aVe | D9: jkt20238199.siswa@smkn12malang.sch.id | E9: DIVA PUTRI ANANTA | F9: =H9&L9 -> DROPOUT | G9: SMK NEGERI 12 MALANG | H9: DROP | I9: MALANG | J9: ID | K9: 182023 | L9: OUT | M9: 0074377224 | N9: Not set | O9: 0 | P9: =VLOOKUP($A9,MasterData!$C$1:$I$3001,1,FALSE) -> 8199 | Q9: =if(P9=A9,F9,"OUT") -> DROPOUT
A10: 8809 | B10: klr20248809.siswa@smkn12malang.sch.id | C10: %8pgw].r{.^U | D10: klr20248809.siswa@smkn12malang.sch.id | E10: DOMMINIQUE BRENDA THEOPHANIA SANTOSA | F10: =H10&L10 -> DROPOUT | G10: SMK NEGERI 12 MALANG | H10: DROP | I10: MALANG | J10: ID | K10: 192024 | L10: OUT | M10: 0095067721 | P10: =VLOOKUP($A10,MasterData!$C$1:$I$3001,1,FALSE) -> 8809 | Q10: =if(P10=A10,F10,"OUT") -> DROPOUT
A11: 8277 | B11: oto20238277.siswa@smkn12malang.sch.id | C11: $&w2(X(uV2_b | D11: oto20238277.siswa@smkn12malang.sch.id | E11: HANIF RASHIN MARFADI | F11: =H11&L11 -> DROPOUT | G11: SMK NEGERI 12 MALANG | H11: DROP | I11: MALANG | J11: ID | K11: 182023 | L11: OUT | M11: 0089142622 | N11: Not set | O11: 0 | P11: =VLOOKUP($A11,MasterData!$C$1:$I$3001,1,FALSE) -> 8277 | Q11: =if(P11=A11,F11,"OUT") -> DROPOUT
A12: 8887 | B12: bcf20248887.siswa@smkn12malang.sch.id | C12: 7U8?)shr(ym@ | D12: bcf20248887.siswa@smkn12malang.sch.id | E12: HUZEIN AMILUHUR | F12: =H12&L12 -> DROPOUT | G12: SMK NEGERI 12 MALANG | H12: DROP | I12: MALANG | J12: ID | K12: 192024 | L12: OUT | M12: 0093377553 | P12: =VLOOKUP($A12,MasterData!$C$1:$I$3001,1,FALSE) -> 8887 | Q12: =if(P12=A12,F12,"OUT") -> DROPOUT
A13: 9244 | B13: plg20239244.siswa@smkn12malang.sch.id | C13: bEhS8*sDG(xN | D13: plg20239244.siswa@smkn12malang.sch.id | E13: MARYAM ALHAIFA | F13: =H13&L13 -> DROPOUT | G13: SMK NEGERI 12 MALANG | H13: DROP | I13: MALANG | J13: ID | K13: 182023 | L13: OUT | P13: =VLOOKUP($A13,MasterData!$C$1:$I$3001,1,FALSE) -> 9244 | Q13: =if(P13=A13,F13,"OUT") -> DROPOUT
A14: 9244 | B14: plg20239244.siswa@smkn12malang.sch.id | C14: bEhS8*sDG(xN | D14: plg20239244.siswa@smkn12malang.sch.id | E14: MARYAM ALHAIFA | F14: =H14&L14 -> DROPOUT | G14: SMK NEGERI 12 MALANG | H14: DROP | I14: MALANG | J14: ID | K14: 182023 | L14: OUT | P14: =VLOOKUP($A14,MasterData!$C$1:$I$3001,1,FALSE) -> 9244 | Q14: =if(P14=A14,F14,"OUT") -> DROPOUT
A15: 8962 | B15: klr20248962.siswa@smkn12malang.sch.id | C15: 5($C2xGngT!a | D15: klr20248962.siswa@smkn12malang.sch.id | E15: MAURA LUVIA REVALINA | F15: =H15&L15 -> DROPOUT | G15: SMK NEGERI 12 MALANG | H15: DROP | I15: MALANG | J15: ID | K15: 192024 | L15: OUT | M15: 0086933008 | P15: =VLOOKUP($A15,MasterData!$C$1:$I$3001,1,FALSE) -> 8962 | Q15: =if(P15=A15,F15,"OUT") -> DROPOUT
A16: 8978 | B16: jkt20248978.siswa@smkn12malang.sch.id | C16: NRh$dE]y3krG | D16: jkt20248978.siswa@smkn12malang.sch.id | E16: MOCHAMMAD INDRA | F16: =H16&L16 -> DROPOUT | G16: SMK NEGERI 12 MALANG | H16: DROP | I16: MALANG | J16: ID | K16: 192024 | L16: OUT | M16: 0066829367 | P16: =VLOOKUP($A16,MasterData!$C$1:$I$3001,1,FALSE) -> 8978 | Q16: =if(P16=A16,F16,"OUT") -> DROPOUT
A17: 8984 | B17: oto20248984.siswa@smkn12malang.sch.id | C17: j$T(x7tv9?pe | D17: oto20248984.siswa@smkn12malang.sch.id | E17: MOH ANDHIKA NURHIDAYAH | F17: =H17&L17 -> DROPOUT | G17: SMK NEGERI 12 MALANG | H17: DROP | I17: MALANG | J17: ID | K17: 192024 | L17: OUT | M17: 0085304064 | P17: =VLOOKUP($A17,MasterData!$C$1:$I$3001,1,FALSE) -> 8984 | Q17: =if(P17=A17,F17,"OUT") -> DROPOUT
A18: 9001 | B18: dkv20249001.siswa@smkn12malang.sch.id | C18: _jXeN4*Z)[R% | D18: dkv20249001.siswa@smkn12malang.sch.id | E18: MUHAMMAD ALFA RIZKY ROMADHON | F18: =H18&L18 -> DROPOUT | G18: SMK NEGERI 12 MALANG | H18: DROP | I18: MALANG | J18: ID | K18: 192024 | L18: OUT | M18: 0071314193 | P18: =VLOOKUP($A18,MasterData!$C$1:$I$3001,1,FALSE) -> 9001 | Q18: =if(P18=A18,F18,"OUT") -> DROPOUT
A19: 8426 | B19: jkt20238426.siswa@smkn12malang.sch.id | C19: Uy9&9_HSpHpc | D19: jkt20238426.siswa@smkn12malang.sch.id | E19: MUHAMMAD PRADITYO PUTRA | F19: =H19&L19 -> DROPOUT | G19: SMK NEGERI 12 MALANG | H19: DROP | I19: MALANG | J19: ID | K19: 182023 | L19: OUT | M19: 0064850380 | N19: Not set | O19: 0 | P19: =VLOOKUP($A19,MasterData!$C$1:$I$3001,1,FALSE) -> 8426 | Q19: =if(P19=A19,F19,"OUT") -> DROPOUT
A20: 8464 | B20: oto20238464.siswa@smkn12malang.sch.id | C20: vC8=q)7(qRdN | D20: oto20238464.siswa@smkn12malang.sch.id | E20: NIZAR FAIRUS MADA | F20: =H20&L20 -> DROPOUT | G20: SMK NEGERI 12 MALANG | H20: DROP | I20: MALANG | J20: ID | K20: 182023 | L20: OUT | M20: 0079605954 | N20: Not set | O20: 0 | P20: =VLOOKUP($A20,MasterData!$C$1:$I$3001,1,FALSE) -> 8464 | Q20: =if(P20=A20,F20,"OUT") -> DROPOUT
A21: 9121 | B21: oto20249121.siswa@smkn12malang.sch.id | C21: qs}D}TzEJ2FM | D21: oto20249121.siswa@smkn12malang.sch.id | E21: RENDY DWI ADITYA | F21: =H21&L21 -> DROPOUT | G21: SMK NEGERI 12 MALANG | H21: DROP | I21: MALANG | J21: ID | K21: 192024 | L21: OUT | M21: 0093036834 | P21: =VLOOKUP($A21,MasterData!$C$1:$I$3001,1,FALSE) -> 9121 | Q21: =if(P21=A21,F21,"OUT") -> DROPOUT
A22: 9144 | B22: jkt20249144.siswa@smkn12malang.sch.id | C22: 626-4_yQX%Nu | D22: jkt20249144.siswa@smkn12malang.sch.id | E22: RIZKY FAJAR PRASETYO | F22: =H22&L22 -> DROPOUT | G22: SMK NEGERI 12 MALANG | H22: DROP | I22: MALANG | J22: ID | K22: 192024 | L22: OUT | M22: 0098122282 | P22: =VLOOKUP($A22,MasterData!$C$1:$I$3001,1,FALSE) -> 9144 | Q22: =if(P22=A22,F22,"OUT") -> DROPOUT
A23: 8578 | B23: bcf20238578.siswa@smkn12malang.sch.id | C23: &Um}Q8%5y${p | D23: bcf20238578.siswa@smkn12malang.sch.id | E23: TANTIKA APRILIA | F23: =H23&L23 -> DROPOUT | G23: SMK NEGERI 12 MALANG | H23: DROP | I23: MALANG | J23: ID | K23: 182023 | L23: OUT | M23: 0087390112 | N23: Not set | O23: 0 | P23: =VLOOKUP($A23,MasterData!$C$1:$I$3001,1,FALSE) -> 8578 | Q23: =if(P23=A23,F23,"OUT") -> DROPOUT
A24: 9210 | B24: plg20249210.siswa@smkn12malang.sch.id | C24: 2rH[Y*FmAJ=) | D24: plg20249210.siswa@smkn12malang.sch.id | E24: VIRA ADHA DETALYA | F24: =H24&L24 -> DROPOUT | G24: SMK NEGERI 12 MALANG | H24: DROP | I24: MALANG | J24: ID | K24: 192024 | L24: OUT | M24: 3081520610 | P24: =VLOOKUP($A24,MasterData!$C$1:$I$3001,1,FALSE) -> 9210 | Q24: =if(P24=A24,F24,"OUT") -> DROPOUT
A25: 9231 | B25: oto20249231.siswa@smkn12malang.sch.id | C25: y52.Ax=F&+/c | D25: oto20249231.siswa@smkn12malang.sch.id | E25: ZAHRONI PUTRA WAHYUDI | F25: =H25&L25 -> DROPOUT | G25: SMK NEGERI 12 MALANG | H25: DROP | I25: MALANG | J25: ID | K25: 192024 | L25: OUT | M25: 0088457313 | P25: =VLOOKUP($A25,MasterData!$C$1:$I$3001,1,FALSE) -> 9231 | Q25: =if(P25=A25,F25,"OUT") -> DROPOUT
A26: 7412 | B26: akl20227412.alumni@smkn12malang.sch.id | C26: 4{74rk[)pYJT | D26: akl20227412.siswa@smkn12malang.sch.id | E26: ABIDA NAFISA SAHDIN | F26: =H26&L26 -> PURNA2025-AKL1 | G26: SMK NEGERI 12 MALANG | H26: PURNA2025- | I26: MALANG | J26: ID | K26: 172022 | L26: AKL1 | M26: 0064692711 | N26: Not set | P26: =VLOOKUP($A26,MasterData!$C$1:$I$1995,1,FALSE) -> 7412 | Q26: =if(P26=A26,F26,"OUT") -> PURNA2025-AKL1
A27: 7417 | B27: akl20227417.alumni@smkn12malang.sch.id | C27: 6_tv_ZeUWdHC | D27: akl20227417.siswa@smkn12malang.sch.id | E27: ADAM AGUNG SETIAWAN | F27: =H27&L27 -> PURNA2025-AKL1 | G27: SMK NEGERI 12 MALANG | H27: PURNA2025- | I27: MALANG | J27: ID | K27: 172022 | L27: AKL1 | M27: 0057327509 | N27: Not set | P27: =VLOOKUP($A27,MasterData!$C$1:$I$1995,1,FALSE) -> 7417 | Q27: =if(P27=A27,F27,"OUT") -> PURNA2025-AKL1
A28: 7438 | B28: akl20227438.alumni@smkn12malang.sch.id | C28: L5?(a!nAvbC/ | D28: akl20227438.siswa@smkn12malang.sch.id | E28: AINNUN NASIQA | F28: =H28&L28 -> PURNA2025-AKL1 | G28: SMK NEGERI 12 MALANG | H28: PURNA2025- | I28: MALANG | J28: ID | K28: 172022 | L28: AKL1 | M28: 0053495891 | N28: Not set | P28: =VLOOKUP($A28,MasterData!$C$1:$I$1995,1,FALSE) -> 7438 | Q28: =if(P28=A28,F28,"OUT") -> PURNA2025-AKL1
A29: 7439 | B29: akl20227439.alumni@smkn12malang.sch.id | C29: )yY%*Grn4(2b | D29: akl20227439.siswa@smkn12malang.sch.id | E29: AINUR ROSIDA | F29: =H29&L29 -> PURNA2025-AKL1 | G29: SMK NEGERI 12 MALANG | H29: PURNA2025- | I29: MALANG | J29: ID | K29: 172022 | L29: AKL1 | M29: 0069643883 | N29: Not set | P29: =VLOOKUP($A29,MasterData!$C$1:$I$1995,1,FALSE) -> 7439 | Q29: =if(P29=A29,F29,"OUT") -> PURNA2025-AKL1
A30: 7452 | B30: akl20227452.alumni@smkn12malang.sch.id | C30: bXm_PTbVVw8q | D30: akl20227452.siswa@smkn12malang.sch.id | E30: ALSITA NAINA MARDIYAH | F30: =H30&L30 -> PURNA2025-AKL1 | G30: SMK NEGERI 12 MALANG | H30: PURNA2025- | I30: MALANG | J30: ID | K30: 172022 | L30: AKL1 | M30: 0064107208 | N30: Not set | P30: =VLOOKUP($A30,MasterData!$C$1:$I$1995,1,FALSE) -> 7452 | Q30: =if(P30=A30,F30,"OUT") -> PURNA2025-AKL1
A31: 7476 | B31: akl20227476.alumni@smkn12malang.sch.id | C31: qQ?+wtn&d5{$ | D31: akl20227476.siswa@smkn12malang.sch.id | E31: ANITA MAUDI PUTRI S. | F31: =H31&L31 -> PURNA2025-AKL1 | G31: SMK NEGERI 12 MALANG | H31: PURNA2025- | I31: MALANG | J31: ID | K31: 172022 | L31: AKL1 | M31: 0069274624 | N31: Not set | P31: =VLOOKUP($A31,MasterData!$C$1:$I$1995,1,FALSE) -> 7476 | Q31: =if(P31=A31,F31,"OUT") -> PURNA2025-AKL1
A32: 7501 | B32: akl20227501.alumni@smkn12malang.sch.id | C32: s!H6C2Uz!d.7 | D32: akl20227501.siswa@smkn12malang.sch.id | E32: AULIA RAMADHANI | F32: =H32&L32 -> PURNA2025-AKL1 | G32: SMK NEGERI 12 MALANG | H32: PURNA2025- | I32: MALANG | J32: ID | K32: 172022 | L32: AKL1 | M32: 0063450863 | N32: Not set | P32: =VLOOKUP($A32,MasterData!$C$1:$I$1995,1,FALSE) -> 7501 | Q32: =if(P32=A32,F32,"OUT") -> PURNA2025-AKL1
A33: 7503 | B33: akl20227503.alumni@smkn12malang.sch.id | C33: HejG4{Lqa!]H | D33: akl20227503.siswa@smkn12malang.sch.id | E33: AXEL RIZKY RAMADHAN SAPUTRI | F33: =H33&L33 -> PURNA2025-AKL1 | G33: SMK NEGERI 12 MALANG | H33: PURNA2025- | I33: MALANG | J33: ID | K33: 172022 | L33: AKL1 | M33: 0068735479 | N33: Not set | P33: =VLOOKUP($A33,MasterData!$C$1:$I$1995,1,FALSE) -> 7503 | Q33: =if(P33=A33,F33,"OUT") -> PURNA2025-AKL1
A34: 7510 | B34: akl20227510.alumni@smkn12malang.sch.id | C34: /c29r)-R%X{) | D34: akl20227510.siswa@smkn12malang.sch.id | E34: BALQIS SALSABILLA | F34: =H34&L34 -> PURNA2025-AKL1 | G34: SMK NEGERI 12 MALANG | H34: PURNA2025- | I34: MALANG | J34: ID | K34: 172022 | L34: AKL1 | M34: 0079578828 | N34: Not set | P34: =VLOOKUP($A34,MasterData!$C$1:$I$1995,1,FALSE) -> 7510 | Q34: =if(P34=A34,F34,"OUT") -> PURNA2025-AKL1
A35: 7529 | B35: akl20227529.alumni@smkn12malang.sch.id | C35: 3/pNekb&crZn | D35: akl20227529.siswa@smkn12malang.sch.id | E35: CECIL MAULDYA KURNIAWAN | F35: =H35&L35 -> PURNA2025-AKL1 | G35: SMK NEGERI 12 MALANG | H35: PURNA2025- | I35: MALANG | J35: ID | K35: 172022 | L35: AKL1 | M35: 0074303312 | N35: Not set | P35: =VLOOKUP($A35,MasterData!$C$1:$I$1995,1,FALSE) -> 7529 | Q35: =if(P35=A35,F35,"OUT") -> PURNA2025-AKL1
A36: 7539 | B36: akl20227539.alumni@smkn12malang.sch.id | C36: .B)%Awvbk7)& | D36: akl20227539.siswa@smkn12malang.sch.id | E36: CITRA BELLA | F36: =H36&L36 -> PURNA2025-AKL1 | G36: SMK NEGERI 12 MALANG | H36: PURNA2025- | I36: MALANG | J36: ID | K36: 172022 | L36: AKL1 | M36: 0068045902 | N36: Not set | P36: =VLOOKUP($A36,MasterData!$C$1:$I$1995,1,FALSE) -> 7539 | Q36: =if(P36=A36,F36,"OUT") -> PURNA2025-AKL1
A37: 7561 | B37: akl20227561.alumni@smkn12malang.sch.id | C37: (Qr6[gV6xG{V | D37: akl20227561.siswa@smkn12malang.sch.id | E37: DEVARA ADITYAN LESTARI | F37: =H37&L37 -> PURNA2025-AKL1 | G37: SMK NEGERI 12 MALANG | H37: PURNA2025- | I37: MALANG | J37: ID | K37: 172022 | L37: AKL1 | M37: 0069261445 | N37: Not set | P37: =VLOOKUP($A37,MasterData!$C$1:$I$1995,1,FALSE) -> 7561 | Q37: =if(P37=A37,F37,"OUT") -> PURNA2025-AKL1
... A247: 7560 | B247: dkv20227560.alumni@smkn12malang.sch.id | C247: q9k2rVJh)mh@ | D247: dkv20227560.siswa@smkn12malang.sch.id | E247: DEVANI CAHYA WARDANIA | F247: =H247&L247 -> PURNA2025-DKV2 | G247: SMK NEGERI 12 MALANG | H247: PURNA2025- | I247: MALANG | J247: ID | K247: 172022 | L247: DKV2 | M247: 0065322309 | N247: Not set | P247: =VLOOKUP($A247,MasterData!$C$1:$I$1995,1,FALSE) -> 7560 | Q247: =if(P247=A247,F247,"OUT") -> PURNA2025-DKV2
A248: 7583 | B248: dkv20227583.alumni@smkn12malang.sch.id | C248: QA6X9DsM3{LB | D248: dkv20227583.siswa@smkn12malang.sch.id | E248: DWI ANDIKA CAESAR RAMADHANI | F248: =H248&L248 -> PURNA2025-DKV2 | G248: SMK NEGERI 12 MALANG | H248: PURNA2025- | I248: MALANG | J248: ID | K248: 172022 | L248: DKV2 | N248: Not set | P248: =VLOOKUP($A248,MasterData!$C$1:$I$1995,1,FALSE) -> 7583 | Q248: =if(P248=A248,F248,"OUT") -> PURNA2025-DKV2
A249: 7585 | B249: dkv20227585.alumni@smkn12malang.sch.id | C249: SFcdv3vvF-Um | D249: dkv20227585.siswa@smkn12malang.sch.id | E249: DWI FEBRIAN | F249: =H249&L249 -> PURNA2025-DKV2 | G249: SMK NEGERI 12 MALANG | H249: PURNA2025- | I249: MALANG | J249: ID | K249: 172022 | L249: DKV2 | M249: 0077885112 | N249: Not set | P249: =VLOOKUP($A249,MasterData!$C$1:$I$1995,1,FALSE) -> 7585 | Q249: =if(P249=A249,F249,"OUT") -> PURNA2025-DKV2
A250: 7598 | B250: dkv20227598.alumni@smkn12malang.sch.id | C250: QX&Rf2C/qgAZ | D250: dkv20227598.siswa@smkn12malang.sch.id | E250: EXEL BUNGA KHARISMA | F250: =H250&L250 -> PURNA2025-DKV2 | G250: SMK NEGERI 12 MALANG | H250: PURNA2025- | I250: MALANG | J250: ID | K250: 172022 | L250: DKV2 | M250: 0063291455 | N250: Not set | P250: =VLOOKUP($A250,MasterData!$C$1:$I$1995,1,FALSE) -> 7598 | Q250: =if(P250=A250,F250,"OUT") -> PURNA2025-DKV2
A251: 7613 | B251: dkv20227613.alumni@smkn12malang.sch.id | C251: v=AJKtH*ut4@ | D251: dkv20227613.siswa@smkn12malang.sch.id | E251: FAREL AL JEFADILAH | F251: =H251&L251 -> PURNA2025-DKV2 | G251: SMK NEGERI 12 MALANG | H251: PURNA2025- | I251: MALANG | J251: ID | K251: 172022 | L251: DKV2 | M251: 0078084303 | N251: Not set | P251: =VLOOKUP($A251,MasterData!$C$1:$I$1995,1,FALSE) -> 7613 | Q251: =if(P251=A251,F251,"OUT") -> PURNA2025-DKV2
A252: 7636 | B252: dkv20227636.alumni@smkn12malang.sch.id | C252: NLDYcf]TE99T | D252: dkv20227636.siswa@smkn12malang.sch.id | E252: FORTUNATA PUSPA ADELFYAR | F252: =H252&L252 -> PURNA2025-DKV2 | G252: SMK NEGERI 12 MALANG | H252: PURNA2025- | I252: MALANG | J252: ID | K252: 172022 | L252: DKV2 | M252: 0077170524 | N252: Not set | P252: =VLOOKUP($A252,MasterData!$C$1:$I$1995,1,FALSE) -> 7636 | Q252: =if(P252=A252,F252,"OUT") -> PURNA2025-DKV2
A253: 7664 | B253: dkv20227664.alumni@smkn12malang.sch.id | C253: /Hk5@_4a%hH) | D253: dkv20227664.siswa@smkn12malang.sch.id | E253: INTAN NURAZIS | F253: =H253&L253 -> PURNA2025-DKV2 | G253: SMK NEGERI 12 MALANG | H253: PURNA2025- | I253: MALANG | J253: ID | K253: 172022 | L253: DKV2 | M253: 0078051875 | N253: Not set | P253: =VLOOKUP($A253,MasterData!$C$1:$I$1995,1,FALSE) -> 7664 | Q253: =if(P253=A253,F253,"OUT") -> PURNA2025-DKV2
A254: 7676 | B254: dkv20227676.alumni@smkn12malang.sch.id | C254: />F5&evFKDK5 | D254: dkv20227676.siswa@smkn12malang.sch.id | E254: JESSICA DWI NASUHA | F254: =H254&L254 -> PURNA2025-DKV2 | G254: SMK NEGERI 12 MALANG | H254: PURNA2025- | I254: MALANG | J254: ID | K254: 172022 | L254: DKV2 | M254: 0073176349 | N254: Not set | P254: =VLOOKUP($A254,MasterData!$C$1:$I$1995,1,FALSE) -> 7676 | Q254: =if(P254=A254,F254,"OUT") -> PURNA2025-DKV2
A255: 7700 | B255: dkv20227700.alumni@smkn12malang.sch.id | C255: CCj9h_^)sVjy | D255: dkv20227700.siswa@smkn12malang.sch.id | E255: LITA MANDASARI SAGITA | F255: =H255&L255 -> PURNA2025-DKV2 | G255: SMK NEGERI 12 MALANG | H255: PURNA2025- | I255: MALANG | J255: ID | K255: 172022 | L255: DKV2 | M255: 0078316873 | N255: Not set | P255: =VLOOKUP($A255,MasterData!$C$1:$I$1995,1,FALSE) -> 7700 | Q255: =if(P255=A255,F255,"OUT") -> PURNA2025-DKV2
A256: 7707 | B256: dkv20227707.alumni@smkn12malang.sch.id | C256: wqjQFwu3nV[p | D256: dkv20227707.siswa@smkn12malang.sch.id | E256: M. FAISAL ULUMUDDIN | F256: =H256&L256 -> PURNA2025-DKV2 | G256: SMK NEGERI 12 MALANG | H256: PURNA2025- | I256: MALANG | J256: ID | K256: 172022 | L256: DKV2 | M256: 0066082913 | N256: Not set | P256: =VLOOKUP($A256,MasterData!$C$1:$I$1995,1,FALSE) -> 7707 | Q256: =if(P256=A256,F256,"OUT") -> PURNA2025-DKV2
A257: 7714 | B257: dkv20227714.alumni@smkn12malang.sch.id | C257: ?!FL?t8Xhke+ | D257: dkv20227714.siswa@smkn12malang.sch.id | E257: MAISHA AZAHRA | F257: =H257&L257 -> PURNA2025-DKV2 | G257: SMK NEGERI 12 MALANG | H257: PURNA2025- | I257: MALANG | J257: ID | K257: 172022 | L257: DKV2 | M257: 0051658816 | N257: Not set | P257: =VLOOKUP($A257,MasterData!$C$1:$I$1995,1,FALSE) -> 7714 | Q257: =if(P257=A257,F257,"OUT") -> PURNA2025-DKV2
A258: 7724 | B258: dkv20227724.alumni@smkn12malang.sch.id | C258: mU9+RAk3%%}T | D258: dkv20227724.siswa@smkn12malang.sch.id | E258: MAVIRA YUSTIKA AZARINIE | F258: =H258&L258 -> PURNA2025-DKV2 | G258: SMK NEGERI 12 MALANG | H258: PURNA2025- | I258: MALANG | J258: ID | K258: 172022 | L258: DKV2 | M258: 0061107250 | N258: Not set | P258: =VLOOKUP($A258,MasterData!$C$1:$I$1995,1,FALSE) -> 7724 | Q258: =if(P258=A258,F258,"OUT") -> PURNA2025-DKV2
A259: 7751 | B259: dkv20227751.alumni@smkn12malang.sch.id | C259: 7N>&%KTWBTue | D259: dkv20227751.siswa@smkn12malang.sch.id | E259: MOCHAMMAD ZIDANE FEBRIAN PRATAMA | F259: =H259&L259 -> PURNA2025-DKV2 | G259: SMK NEGERI 12 MALANG | H259: PURNA2025- | I259: MALANG | J259: ID | K259: 172022 | L259: DKV2 | M259: 0078204785 | N259: 8 February 2007 | P259: =VLOOKUP($A259,MasterData!$C$1:$I$1995,1,FALSE) -> 7751 | Q259: =if(P259=A259,F259,"OUT") -> PURNA2025-DKV2
A260: 7785 | B260: dkv20227785.alumni@smkn12malang.sch.id | C260: 8SN(RAa]Cxt! | D260: dkv20227785.siswa@smkn12malang.sch.id | E260: MUHAMMAD ILYAS JAUHAR | F260: =H260&L260 -> PURNA2025-DKV2 | G260: SMK NEGERI 12 MALANG | H260: PURNA2025- | I260: MALANG | J260: ID | K260: 172022 | L260: DKV2 | M260: 0074265210 | N260: Not set | P260: =VLOOKUP($A260,MasterData!$C$1:$I$1995,1,FALSE) -> 7785 | Q260: =if(P260=A260,F260,"OUT") -> PURNA2025-DKV2
... A397: 7737 | B397: oto20227737.alumni@smkn12malang.sch.id | C397: Xa5D*{2H?K}/ | D397: oto20227737.siswa@smkn12malang.sch.id | E397: MOCH. GALIH UBAYDILLAH | F397: =H397&L397 -> PURNA2025-OTO1 | G397: SMK NEGERI 12 MALANG | H397: PURNA2025- | I397: MALANG | J397: ID | K397: 172022 | L397: OTO1 | M397: 0075901628 | N397: Not set | P397: =VLOOKUP($A397,MasterData!$C$1:$I$1995,1,FALSE) -> 7737 | Q397: =if(P397=A397,F397,"OUT") -> PURNA2025-OTO1
A398: 7739 | B398: oto20227739.alumni@smkn12malang.sch.id | C398: -6b(-S=C@{*E | D398: oto20227739.siswa@smkn12malang.sch.id | E398: MOCH. RIKO ANDRIANTO | F398: =H398&L398 -> PURNA2025-OTO1 | G398: SMK NEGERI 12 MALANG | H398: PURNA2025- | I398: MALANG | J398: ID | K398: 172022 | L398: OTO1 | N398: Not set | P398: =VLOOKUP($A398,MasterData!$C$1:$I$1995,1,FALSE) -> 7739 | Q398: =if(P398=A398,F398,"OUT") -> PURNA2025-OTO1
A399: 7744 | B399: oto20227744.alumni@smkn12malang.sch.id | C399: 3>Fzn%DwUXy> | D399: oto20227744.siswa@smkn12malang.sch.id | E399: MOCHAMAD FADJRI AGUSTINO | F399: =H399&L399 -> PURNA2025-OTO1 | G399: SMK NEGERI 12 MALANG | H399: PURNA2025- | I399: MALANG | J399: ID | K399: 172022 | L399: OTO1 | M399: 0076974955 | N399: Not set | P399: =VLOOKUP($A399,MasterData!$C$1:$I$1995,1,FALSE) -> 7744 | Q399: =if(P399=A399,F399,"OUT") -> PURNA2025-OTO1
A400: 7761 | B400: oto20227761.alumni@smkn12malang.sch.id | C400: un9Qcg.+/Mp! | D400: oto20227761.siswa@smkn12malang.sch.id | E400: MUHAMAD AF RIZAL | F400: =H400&L400 -> PURNA2025-OTO1 | G400: SMK NEGERI 12 MALANG | H400: PURNA2025- | I400: MALANG | J400: ID | K400: 172022 | L400: OTO1 | M400: 0076235030 | N400: Not set | P400: =VLOOKUP($A400,MasterData!$C$1:$I$1995,1,FALSE) -> 7761 | Q400: =if(P400=A400,F400,"OUT") -> PURNA2025-OTO1
A401: 7765 | B401: oto20227765.alumni@smkn12malang.sch.id | C401: FV(C6{7Ucx@F | D401: oto20227765.siswa@smkn12malang.sch.id | E401: MUHAMAD RAFLI NUR FADILAH | F401: =H401&L401 -> PURNA2025-OTO1 | G401: SMK NEGERI 12 MALANG | H401: PURNA2025- | I401: MALANG | J401: ID | K401: 172022 | L401: OTO1 | M401: 0069914287 | N401: Not set | P401: =VLOOKUP($A401,MasterData!$C$1:$I$1995,1,FALSE) -> 7765 | Q401: =if(P401=A401,F401,"OUT") -> PURNA2025-OTO1
A402: 7789 | B402: oto20227789.alumni@smkn12malang.sch.id | C402: /G-q4E!a{[m4 | D402: oto20227789.siswa@smkn12malang.sch.id | E402: MUHAMMAD KARUNIAWAN | F402: =H402&L402 -> PURNA2025-OTO1 | G402: SMK NEGERI 12 MALANG | H402: PURNA2025- | I402: MALANG | J402: ID | K402: 172022 | L402: OTO1 | M402: 0053126521 | N402: Not set | P402: =VLOOKUP($A402,MasterData!$C$1:$I$1995,1,FALSE) -> 7789 | Q402: =if(P402=A402,F402,"OUT") -> PURNA2025-OTO1
A403: 7796 | B403: oto20227796.alumni@smkn12malang.sch.id | C403: wCX[x_^A2[KT | D403: oto20227796.siswa@smkn12malang.sch.id | E403: MUHAMMAD RAFLY REYNALDI | F403: =H403&L403 -> PURNA2025-OTO1 | G403: SMK NEGERI 12 MALANG | H403: PURNA2025- | I403: MALANG | J403: ID | K403: 172022 | L403: OTO1 | M403: 0074698176 | N403: Not set | P403: =VLOOKUP($A403,MasterData!$C$1:$I$1995,1,FALSE) -> 7796 | Q403: =if(P403=A403,F403,"OUT") -> PURNA2025-OTO1
A404: 7839 | B404: oto20227839.alumni@smkn12malang.sch.id | C404: ZM>d8p-=rQk/ | D404: oto20227839.siswa@smkn12malang.sch.id | E404: NENDRA AKBAR FIRMANSYAH | F404: =H404&L404 -> PURNA2025-OTO1 | G404: SMK NEGERI 12 MALANG | H404: PURNA2025- | I404: MALANG | J404: ID | K404: 172022 | L404: OTO1 | M404: 0072586356 | N404: Not set | P404: =VLOOKUP($A404,MasterData!$C$1:$I$1995,1,FALSE) -> 7839 | Q404: =if(P404=A404,F404,"OUT") -> PURNA2025-OTO1
A405: 7868 | B405: oto20227868.alumni@smkn12malang.sch.id | C405: XrjRk/&LjQn4 | D405: oto20227868.siswa@smkn12malang.sch.id | E405: RAFIF RADITYA FERNANDO | F405: =H405&L405 -> PURNA2025-OTO1 | G405: SMK NEGERI 12 MALANG | H405: PURNA2025- | I405: MALANG | J405: ID | K405: 172022 | L405: OTO1 | M405: 0068283658 | N405: Not set | P405: =VLOOKUP($A405,MasterData!$C$1:$I$1995,1,FALSE) -> 7868 | Q405: =if(P405=A405,F405,"OUT") -> PURNA2025-OTO1
A406: 7872 | B406: oto20227872.alumni@smkn12malang.sch.id | C406: EK?A!^86RwPN | D406: oto20227872.siswa@smkn12malang.sch.id | E406: RAHEL DIMAS PRAYOGA | F406: =H406&L406 -> PURNA2025-OTO1 | G406: SMK NEGERI 12 MALANG | H406: PURNA2025- | I406: MALANG | J406: ID | K406: 172022 | L406: OTO1 | M406: 0062706443 | N406: Not set | P406: =VLOOKUP($A406,MasterData!$C$1:$I$1995,1,FALSE) -> 7872 | Q406: =if(P406=A406,F406,"OUT") -> PURNA2025-OTO1
A407: 7895 | B407: oto20227895.alumni@smkn12malang.sch.id | C407: ^Mh6F5X}tWfT | D407: oto20227895.siswa@smkn12malang.sch.id | E407: RENDI SATYADIBRATA | F407: =H407&L407 -> PURNA2025-OTO1 | G407: SMK NEGERI 12 MALANG | H407: PURNA2025- | I407: MALANG | J407: ID | K407: 172022 | L407: OTO1 | M407: 0074263156 | N407: Not set | P407: =VLOOKUP($A407,MasterData!$C$1:$I$1995,1,FALSE) -> 7895 | Q407: =if(P407=A407,F407,"OUT") -> PURNA2025-OTO1
A408: 7910 | B408: oto20227910.alumni@smkn12malang.sch.id | C408: 6=yR*_H!aNF! | D408: oto20227910.siswa@smkn12malang.sch.id | E408: RIF'AL BAAQI RIZQI | F408: =H408&L408 -> PURNA2025-OTO1 | G408: SMK NEGERI 12 MALANG | H408: PURNA2025- | I408: MALANG | J408: ID | K408: 172022 | L408: OTO1 | M408: 0075064114 | N408: Not set | P408: =VLOOKUP($A408,MasterData!$C$1:$I$1995,1,FALSE) -> 7910 | Q408: =if(P408=A408,F408,"OUT") -> PURNA2025-OTO1
A409: 7926 | B409: oto20227926.alumni@smkn12malang.sch.id | C409: kL!qC9}7wap> | D409: oto20227926.siswa@smkn12malang.sch.id | E409: ROBI TANAMAL | F409: =H409&L409 -> PURNA2025-OTO1 | G409: SMK NEGERI 12 MALANG | H409: PURNA2025- | I409: MALANG | J409: ID | K409: 172022 | L409: OTO1 | M409: 0068910207 | N409: Not set | P409: =VLOOKUP($A409,MasterData!$C$1:$I$1995,1,FALSE) -> 7926 | Q409: =if(P409=A409,F409,"OUT") -> PURNA2025-OTO1
A410: 7963 | B410: oto20227963.alumni@smkn12malang.sch.id | C410: z]u!Hu!}6W$+ | D410: oto20227963.siswa@smkn12malang.sch.id | E410: SULTAN FALIH GHOZI | F410: =H410&L410 -> PURNA2025-OTO1 | G410: SMK NEGERI 12 MALANG | H410: PURNA2025- | I410: MALANG | J410: ID | K410: 172022 | L410: OTO1 | M410: 0076736472 | N410: Not set | P410: =VLOOKUP($A410,MasterData!$C$1:$I$1995,1,FALSE) -> 7963 | Q410: =if(P410=A410,F410,"OUT") -> PURNA2025-OTO1
... A416: 7506 | B416: oto20227506.alumni@smkn12malang.sch.id | C416: _YS7^N+DWfN7 | D416: oto20227506.siswa@smkn12malang.sch.id | E416: AZRIL RAEVAN MAHENDRA PUTRA | F416: =H416&L416 -> PURNA2025-OTO2 | G416: SMK NEGERI 12 MALANG | H416: PURNA2025- | I416: MALANG | J416: ID | K416: 172022 | L416: OTO2 | M416: 0065231888 | N416: Not set | P416: =VLOOKUP($A416,MasterData!$C$1:$I$1995,1,FALSE) -> 7506 | Q416: =if(P416=A416,F416,"OUT") -> PURNA2025-OTO2
A417: 8634 | B417: oto20238634.alumni@smkn12malang.sch.id | C417: LZ]6N&2a>jr% | D417: oto20238634.siswa@smkn12malang.sch.id | E417: BAGAS BUDI ANGGORO | F417: =H417&L417 -> PURNA2025-OTO2 | G417: SMK NEGERI 12 MALANG | H417: PURNA2025- | I417: MALANG | J417: ID | K417: 182023 | L417: OTO2 | M417: 0079483672 | N417: Not set | O417: 0 | P417: =VLOOKUP($A417,MasterData!$C$1:$I$1995,1,FALSE) -> 8634 | Q417: =if(P417=A417,F417,"OUT") -> PURNA2025-OTO2
A418: 7514 | B418: oto20227514.alumni@smkn12malang.sch.id | C418: G[ruC-@G4Hzk | D418: oto20227514.siswa@smkn12malang.sch.id | E418: BIMA ARI RAMADHAN | F418: =H418&L418 -> PURNA2025-OTO2 | G418: SMK NEGERI 12 MALANG | H418: PURNA2025- | I418: MALANG | J418: ID | K418: 172022 | L418: OTO2 | M418: 0065762001 | N418: Not set | P418: =VLOOKUP($A418,MasterData!$C$1:$I$1995,1,FALSE) -> 7514 | Q418: =if(P418=A418,F418,"OUT") -> PURNA2025-OTO2
A419: 8633 | B419: oto20238633.alumni@smkn12malang.sch.id | C419: 4!HG$J5?eKBs | D419: oto20238633.siswa@smkn12malang.sch.id | E419: BIMO DIAN CAHYO RAMADHANI | F419: =H419&L419 -> PURNA2025-OTO2 | G419: SMK NEGERI 12 MALANG | H419: PURNA2025- | I419: MALANG | J419: ID | K419: 172023 | L419: OTO2 | M419: 0063617331 | N419: Not set | O419: 0 | P419: =VLOOKUP($A419,MasterData!$C$1:$I$1995,1,FALSE) -> 8633 | Q419: =if(P419=A419,F419,"OUT") -> PURNA2025-OTO2
A420: 7527 | B420: oto20227527.alumni@smkn12malang.sch.id | C420: dzaXjx)_9_z% | D420: oto20227527.siswa@smkn12malang.sch.id | E420: CANGGIH WIDANTA FASA RAMADANA | F420: =H420&L420 -> PURNA2025-OTO2 | G420: SMK NEGERI 12 MALANG | H420: PURNA2025- | I420: MALANG | J420: ID | K420: 172022 | L420: OTO2 | M420: 0068601536 | N420: Not set | P420: =VLOOKUP($A420,MasterData!$C$1:$I$1995,1,FALSE) -> 7527 | Q420: =if(P420=A420,F420,"OUT") -> PURNA2025-OTO2
A421: 7552 | B421: oto20227552.alumni@smkn12malang.sch.id | C421: L6g.6Y69Jggm | D421: oto20227552.siswa@smkn12malang.sch.id | E421: DEFI SOPYAN ADIPUTRA | F421: =H421&L421 -> PURNA2025-OTO2 | G421: SMK NEGERI 12 MALANG | H421: PURNA2025- | I421: MALANG | J421: ID | K421: 172022 | L421: OTO2 | M421: 0051841736 | N421: Not set | P421: =VLOOKUP($A421,MasterData!$C$1:$I$1995,1,FALSE) -> 7552 | Q421: =if(P421=A421,F421,"OUT") -> PURNA2025-OTO2
A422: 7576 | B422: oto20227576.alumni@smkn12malang.sch.id | C422: %pGD2JUuWpz? | D422: oto20227576.siswa@smkn12malang.sch.id | E422: DIMAS ARIMAN PUTRA KRISTIAWAN | F422: =H422&L422 -> PURNA2025-OTO2 | G422: SMK NEGERI 12 MALANG | H422: PURNA2025- | I422: MALANG | J422: ID | K422: 172022 | L422: OTO2 | M422: 0069947868 | N422: Not set | P422: =VLOOKUP($A422,MasterData!$C$1:$I$1995,1,FALSE) -> 7576 | Q422: =if(P422=A422,F422,"OUT") -> PURNA2025-OTO2
A423: 7580 | B423: oto20227580.alumni@smkn12malang.sch.id | C423: 28{6EPMzGCwS | D423: oto20227580.siswa@smkn12malang.sch.id | E423: DIMAS YOGI ARIL LANZAH | F423: =H423&L423 -> PURNA2025-OTO2 | G423: SMK NEGERI 12 MALANG | H423: PURNA2025- | I423: MALANG | J423: ID | K423: 172022 | L423: OTO2 | M423: 0067192626 | N423: Not set | P423: =VLOOKUP($A423,MasterData!$C$1:$I$1995,1,FALSE) -> 7580 | Q423: =if(P423=A423,F423,"OUT") -> PURNA2025-OTO2
A424: 7599 | B424: oto20227599.alumni@smkn12malang.sch.id | C424: /dqrT=-Es}2X | D424: oto20227599.siswa@smkn12malang.sch.id | E424: EZRA RESTITUTA | F424: =H424&L424 -> PURNA2025-OTO2 | G424: SMK NEGERI 12 MALANG | H424: PURNA2025- | I424: MALANG | J424: ID | K424: 172022 | L424: OTO2 | M424: 0072083222 | N424: Not set | P424: =VLOOKUP($A424,MasterData!$C$1:$I$1995,1,FALSE) -> 7599 | Q424: =if(P424=A424,F424,"OUT") -> PURNA2025-OTO2
A425: 7626 | B425: oto20227626.alumni@smkn12malang.sch.id | C425: ]RGEbv5]83Z3 | D425: oto20227626.siswa@smkn12malang.sch.id | E425: FEMAS ALFI ANDIKA | F425: =H425&L425 -> PURNA2025-OTO2 | G425: SMK NEGERI 12 MALANG | H425: PURNA2025- | I425: MALANG | J425: ID | K425: 172022 | L425: OTO2 | M425: 0062486292 | N425: Not set | P425: =VLOOKUP($A425,MasterData!$C$1:$I$1995,1,FALSE) -> 7626 | Q425: =if(P425=A425,F425,"OUT") -> PURNA2025-OTO2
A426: 7640 | B426: oto20227640.alumni@smkn12malang.sch.id | C426: =MtMaL3^5n-S | D426: oto20227640.siswa@smkn12malang.sch.id | E426: GILANG HASBY ABDILAH | F426: =H426&L426 -> PURNA2025-OTO2 | G426: SMK NEGERI 12 MALANG | H426: PURNA2025- | I426: MALANG | J426: ID | K426: 172022 | L426: OTO2 | M426: 0067411870 | N426: Not set | P426: =VLOOKUP($A426,MasterData!$C$1:$I$1995,1,FALSE) -> 7640 | Q426: =if(P426=A426,F426,"OUT") -> PURNA2025-OTO2
A427: 7686 | B427: oto20227686.alumni@smkn12malang.sch.id | C427: c*9C2-dSsqVH | D427: oto20227686.siswa@smkn12malang.sch.id | E427: KEVIN MARIO WIJAYA | F427: =H427&L427 -> PURNA2025-OTO2 | G427: SMK NEGERI 12 MALANG | H427: PURNA2025- | I427: MALANG | J427: ID | K427: 172022 | L427: OTO2 | M427: 0069453372 | N427: Not set | P427: =VLOOKUP($A427,MasterData!$C$1:$I$1995,1,FALSE) -> 7686 | Q427: =if(P427=A427,F427,"OUT") -> PURNA2025-OTO2
A428: 7721 | B428: oto20227721.alumni@smkn12malang.sch.id | C428: Bty}A5]TTpvw | D428: oto20227721.siswa@smkn12malang.sch.id | E428: MAULADINE YAZID ZIDANE | F428: =H428&L428 -> PURNA2025-OTO2 | G428: SMK NEGERI 12 MALANG | H428: PURNA2025- | I428: MALANG | J428: ID | K428: 172022 | L428: OTO2 | M428: 0073862431 | N428: Not set | P428: =VLOOKUP($A428,MasterData!$C$1:$I$1995,1,FALSE) -> 7721 | Q428: =if(P428=A428,F428,"OUT") -> PURNA2025-OTO2
A429: 7738 | B429: oto20227738.alumni@smkn12malang.sch.id | C429: G$}H=3}!HJm9 | D429: oto20227738.siswa@smkn12malang.sch.id | E429: MOCH. RAFI SABILILLAH | F429: =H429&L429 -> PURNA2025-OTO2 | G429: SMK NEGERI 12 MALANG | H429: PURNA2025- | I429: MALANG | J429: ID | K429: 172022 | L429: OTO2 | M429: 0056696726 | N429: Not set | P429: =VLOOKUP($A429,MasterData!$C$1:$I$1995,1,FALSE) -> 7738 | Q429: =if(P429=A429,F429,"OUT") -> PURNA2025-OTO2
A430: 7770 | B430: oto20227770.alumni@smkn12malang.sch.id | C430: 2)AZWvYLHz[> | D430: oto20227770.siswa@smkn12malang.sch.id | E430: MUHAMAT ARI IVAN | F430: =H430&L430 -> PURNA2025-OTO2 | G430: SMK NEGERI 12 MALANG | H430: PURNA2025- | I430: MALANG | J430: ID | K430: 172022 | L430: OTO2 | M430: 0062751244 | N430: Not set | P430: =VLOOKUP($A430,MasterData!$C$1:$I$1995,1,FALSE) -> 7770 | Q430: =if(P430=A430,F430,"OUT") -> PURNA2025-OTO2
A431: 7775 | B431: oto20227775.alumni@smkn12malang.sch.id | C431: Xc]eAyej@!5q | D431: oto20227775.siswa@smkn12malang.sch.id | E431: MUHAMMAD BAGUS SETIAWAN | F431: =H431&L431 -> PURNA2025-OTO2 | G431: SMK NEGERI 12 MALANG | H431: PURNA2025- | I431: MALANG | J431: ID | K431: 172022 | L431: OTO2 | M431: 0066455714 | N431: Not set | P431: =VLOOKUP($A431,MasterData!$C$1:$I$1995,1,FALSE) -> 7775 | Q431: =if(P431=A431,F431,"OUT") -> PURNA2025-OTO2
... A601: 8011 | B601: plg20228011.alumni@smkn12malang.sch.id | C601: *n-c7C}{sV^* | D601: plg20228011.siswa@smkn12malang.sch.id | E601: ZAKI ARYANTA | F601: =H601&L601 -> PURNA2025-PLG2 | G601: SMK NEGERI 12 MALANG | H601: PURNA2025- | I601: MALANG | J601: ID | K601: 172022 | L601: PLG2 | M601: 0077773751 | N601: Not set | P601: =VLOOKUP($A601,MasterData!$C$1:$I$1995,1,FALSE) -> 8011 | Q601: =if(P601=A601,F601,"OUT") -> PURNA2025-PLG2
A602: 8639 | B602: tsm20259836.siswa@smkn12malang.sch.id | C602: 9*^pyqh8S7]r | D602: akl20248639.siswa@smkn12malang.sch.id | E602: ABDILLAH ASAD AL ABROR CHIYUN | F602: =H602&L602 -> XIAKL1 | G602: SMK NEGERI 12 MALANG | H602: XI | I602: MALANG | J602: ID | K602: 192024 | L602: AKL1 | M602: 0097044089 | P602: =VLOOKUP($A602,MasterData!$C$1:$I$3001,1,FALSE) -> 8639 | Q602: =if(P602=A602,F602,"OUT") -> XIAKL1
A603: 8650 | B603: akl20248650.siswa@smkn12malang.sch.id | C603: z$g/S5@U(.Mj | D603: akl20248650.siswa@smkn12malang.sch.id | E603: ADINDA NUR AMALIA PUTRI | F603: =H603&L603 -> XIAKL1 | G603: SMK NEGERI 12 MALANG | H603: XI | I603: MALANG | J603: ID | K603: 192024 | L603: AKL1 | M603: 0084260340 | P603: =VLOOKUP($A603,MasterData!$C$1:$I$3001,1,FALSE) -> 8650 | Q603: =if(P603=A603,F603,"OUT") -> XIAKL1
A604: 8675 | B604: akl20248675.siswa@smkn12malang.sch.id | C604: F?6/[3S3=4Jw | D604: akl20248675.siswa@smkn12malang.sch.id | E604: AISYAH BAQIATUS SHOLIKHA | F604: =H604&L604 -> XIAKL1 | G604: SMK NEGERI 12 MALANG | H604: XI | I604: MALANG | J604: ID | K604: 192024 | L604: AKL1 | M604: 0088663748 | P604: =VLOOKUP($A604,MasterData!$C$1:$I$3001,1,FALSE) -> 8675 | Q604: =if(P604=A604,F604,"OUT") -> XIAKL1
A605: 8693 | B605: akl20248693.siswa@smkn12malang.sch.id | C605: 5GJ.K]_S[h!^ | D605: akl20248693.siswa@smkn12malang.sch.id | E605: AMANDA PUTRI YOKANAN | F605: =H605&L605 -> XIAKL1 | G605: SMK NEGERI 12 MALANG | H605: XI | I605: MALANG | J605: ID | K605: 192024 | L605: AKL1 | M605: 0093902084 | P605: =VLOOKUP($A605,MasterData!$C$1:$I$3001,1,FALSE) -> 8693 | Q605: =if(P605=A605,F605,"OUT") -> XIAKL1
A606: 8707 | B606: akl20248707.siswa@smkn12malang.sch.id | C606: .juw3n]N^tZq | D606: akl20248707.siswa@smkn12malang.sch.id | E606: ANISA EKA WAHYUNI | F606: =H606&L606 -> XIAKL1 | G606: SMK NEGERI 12 MALANG | H606: XI | I606: MALANG | J606: ID | K606: 192024 | L606: AKL1 | M606: 0087947569 | P606: =VLOOKUP($A606,MasterData!$C$1:$I$3001,1,FALSE) -> 8707 | Q606: =if(P606=A606,F606,"OUT") -> XIAKL1
A607: 8714 | B607: akl20248714.siswa@smkn12malang.sch.id | C607: @GZG8C5{h)-( | D607: akl20248714.siswa@smkn12malang.sch.id | E607: APRILIA ISMA WARDANI | F607: =H607&L607 -> XIAKL1 | G607: SMK NEGERI 12 MALANG | H607: XI | I607: MALANG | J607: ID | K607: 192024 | L607: AKL1 | M607: 0086985976 | P607: =VLOOKUP($A607,MasterData!$C$1:$I$3001,1,FALSE) -> 8714 | Q607: =if(P607=A607,F607,"OUT") -> XIAKL1
A608: 8737 | B608: akl20248737.siswa@smkn12malang.sch.id | C608: X*{8+Ujb%J-L | D608: akl20248737.siswa@smkn12malang.sch.id | E608: AURELLIA FALICHAH ISMAIL | F608: =H608&L608 -> XIAKL1 | G608: SMK NEGERI 12 MALANG | H608: XI | I608: MALANG | J608: ID | K608: 192024 | L608: AKL1 | M608: 0094243521 | P608: =VLOOKUP($A608,MasterData!$C$1:$I$3001,1,FALSE) -> 8737 | Q608: =if(P608=A608,F608,"OUT") -> XIAKL1
A609: 8789 | B609: akl20248789.siswa@smkn12malang.sch.id | C609: }5e/Z]&L$9.6 | D609: akl20248789.siswa@smkn12malang.sch.id | E609: DESTIFANY SANNU DUARTA | F609: =H609&L609 -> XIAKL1 | G609: SMK NEGERI 12 MALANG | H609: XI | I609: MALANG | J609: ID | K609: 192024 | L609: AKL1 | M609: 0096928171 | P609: =VLOOKUP($A609,MasterData!$C$1:$I$3001,1,FALSE) -> 8789 | Q609: =if(P609=A609,F609,"OUT") -> XIAKL1
A610: 8813 | B610: akl20248813.siswa@smkn12malang.sch.id | C610: ^M*y/?4gxDFs | D610: akl20248813.siswa@smkn12malang.sch.id | E610: DZIKRINA KANZA HAYU LABIBA | F610: =H610&L610 -> XIAKL1 | G610: SMK NEGERI 12 MALANG | H610: XI | I610: MALANG | J610: ID | K610: 192024 | L610: AKL1 | M610: 0095369823 | P610: =VLOOKUP($A610,MasterData!$C$1:$I$3001,1,FALSE) -> 8813 | Q610: =if(P610=A610,F610,"OUT") -> XIAKL1
A611: 8839 | B611: akl20248839.siswa@smkn12malang.sch.id | C611: jQv^sSBNeq23 | D611: akl20248839.siswa@smkn12malang.sch.id | E611: FARRADILA DWI RAMADHANI | F611: =H611&L611 -> XIAKL1 | G611: SMK NEGERI 12 MALANG | H611: XI | I611: MALANG | J611: ID | K611: 192024 | L611: AKL1 | M611: 0092625747 | P611: =VLOOKUP($A611,MasterData!$C$1:$I$3001,1,FALSE) -> 8839 | Q611: =if(P611=A611,F611,"OUT") -> XIAKL1
A612: 8840 | B612: akl20248840.siswa@smkn12malang.sch.id | C612: ejWg}=&-qXn9 | D612: akl20248840.siswa@smkn12malang.sch.id | E612: FATHYA AZZAHRA CHIYUN | F612: =H612&L612 -> XIAKL1 | G612: SMK NEGERI 12 MALANG | H612: XI | I612: MALANG | J612: ID | K612: 192024 | L612: AKL1 | M612: 0091019981 | P612: =VLOOKUP($A612,MasterData!$C$1:$I$3001,1,FALSE) -> 8840 | Q612: =if(P612=A612,F612,"OUT") -> XIAKL1
A613: 8871 | B613: akl20248871.siswa@smkn12malang.sch.id | C613: g&(ZK88pJ$xa | D613: akl20248871.siswa@smkn12malang.sch.id | E613: GRACIA YULIANA BETRA | F613: =H613&L613 -> XIAKL1 | G613: SMK NEGERI 12 MALANG | H613: XI | I613: MALANG | J613: ID | K613: 192024 | L613: AKL1 | M613: 0099143711 | P613: =VLOOKUP($A613,MasterData!$C$1:$I$3001,1,FALSE) -> 8871 | Q613: =if(P613=A613,F613,"OUT") -> XIAKL1
... A1111: 8915 | B1111: jkt20248915.siswa@smkn12malang.sch.id | C1111: .H9_Vv-.WZPX | D1111: jkt20248915.siswa@smkn12malang.sch.id | E1111: KEYSA OLIVIA PUTRI | F1111: =H1111&L1111 -> XIJKT2 | G1111: SMK NEGERI 12 MALANG | H1111: XI | I1111: MALANG | J1111: ID | K1111: 192024 | L1111: JKT2 | M1111: 0082922904 | P1111: =VLOOKUP($A1111,MasterData!$C$1:$I$3001,1,FALSE) -> 8915 | Q1111: =if(P1111=A1111,F1111,"OUT") -> XIJKT2
A1112: 8921 | B1112: jkt20248921.siswa@smkn12malang.sch.id | C1112: -Uge4jR>S{z% | D1112: jkt20248921.siswa@smkn12malang.sch.id | E1112: KRISNA BAYU | F1112: =H1112&L1112 -> XIJKT2 | G1112: SMK NEGERI 12 MALANG | H1112: XI | I1112: MALANG | J1112: ID | K1112: 192024 | L1112: JKT2 | P1112: =VLOOKUP($A1112,MasterData!$C$1:$I$3001,1,FALSE) -> 8921 | Q1112: =if(P1112=A1112,F1112,"OUT") -> XIJKT2
A1113: 8933 | B1113: jkt20248933.siswa@smkn12malang.sch.id | C1113: V(j=9?^L8!ag | D1113: jkt20248933.siswa@smkn12malang.sch.id | E1113: LINGGA AZHAR YUASPUTRA | F1113: =H1113&L1113 -> XIJKT2 | G1113: SMK NEGERI 12 MALANG | H1113: XI | I1113: MALANG | J1113: ID | K1113: 192024 | L1113: JKT2 | M1113: 0086855371 | P1113: =VLOOKUP($A1113,MasterData!$C$1:$I$3001,1,FALSE) -> 8933 | Q1113: =if(P1113=A1113,F1113,"OUT") -> XIJKT2
A1114: 8945 | B1114: jkt20248945.siswa@smkn12malang.sch.id | C1114: g$-He=m/4M3b | D1114: jkt20248945.siswa@smkn12malang.sch.id | E1114: M. ALWAN ARIEF DARMAWAN | F1114: =H1114&L1114 -> XIJKT2 | G1114: SMK NEGERI 12 MALANG | H1114: XI | I1114: MALANG | J1114: ID | K1114: 192024 | L1114: JKT2 | M1114: 0094095147 | P1114: =VLOOKUP($A1114,MasterData!$C$1:$I$3001,1,FALSE) -> 8945 | Q1114: =if(P1114=A1114,F1114,"OUT") -> XIJKT2
A1115: 8958 | B1115: jkt20248958.siswa@smkn12malang.sch.id | C1115: ?/mu.Ft7$(5p | D1115: jkt20248958.siswa@smkn12malang.sch.id | E1115: MAULANA JALALUDIN AR RAFAEL | F1115: =H1115&L1115 -> XIJKT2 | G1115: SMK NEGERI 12 MALANG | H1115: XI | I1115: MALANG | J1115: ID | K1115: 192024 | L1115: JKT2 | M1115: 0082574892 | P1115: =VLOOKUP($A1115,MasterData!$C$1:$I$3001,1,FALSE) -> 8958 | Q1115: =if(P1115=A1115,F1115,"OUT") -> XIJKT2
A1116: 8976 | B1116: jkt20248976.siswa@smkn12malang.sch.id | C1116: -!-BedeEH6cr | D1116: jkt20248976.siswa@smkn12malang.sch.id | E1116: MOCHAMAD RAFI AFDAN ALFIANTO | F1116: =H1116&L1116 -> XIJKT2 | G1116: SMK NEGERI 12 MALANG | H1116: XI | I1116: MALANG | J1116: ID | K1116: 192024 | L1116: JKT2 | M1116: 0081924598 | P1116: =VLOOKUP($A1116,MasterData!$C$1:$I$3001,1,FALSE) -> 8976 | Q1116: =if(P1116=A1116,F1116,"OUT") -> XIJKT2
...

Sheet CetakUserpass
D1: PEMERINTAH PROVINSI JAWA TIMUR
D2: SMK NEGERI 12 MALANG
D3: Jl. Pahlawan, Balearjosari, Blimbing, Kota Malang, Jawa Timur 65126
D4: Telepon (0341) 400884, Faksimile (0341) 400884
D5: Laman: https://smkn12malang.sch.id, Pos-el: surat@smkn12malang.sch.id
D7: DAFTAR AKUN DARING SISWA
D8: TAHUN PELAJARAN 2024/2025
B11: Wali Kelas: | C11: =VLOOKUP(N11,Walas!A2:B89,2,FALSE) -> HADI PURWANTO, S.Pd | M11: Kelas: | N11: XTKR2
A13: NO | B13: NIS | C13: NISN | D13: NAMA | E13: L/P | F13: Username | M13: Password | P13: KET
A14: 1 | B14: =IFERROR(__xludf.DUMMYFUNCTION("FILTER(MasterData!$C$2:$F$2400,MasterData!$G$2:$G$2400=N11)"),9255.0) -> 9255 | C14: =IFERROR(__xludf.DUMMYFUNCTION("""COMPUTED_VALUE"""),"3093981612") -> 3093981612 | D14: =IFERROR(__xludf.DUMMYFUNCTION("""COMPUTED_VALUE"""),"ACHMAD FELIX DZIKRULLAH") -> ACHMAD FELIX DZIKRULLAH | F14: =VLOOKUP($B14,Userpass!$A$2:$E$3001,2,FALSE) -> tkr20259255.siswa@smkn12malang.sch.id | M14: =VLOOKUP($B14,Userpass!$A$2:$E$3001,3,FALSE) -> (shWB33G
A15: 2 | B15: =IFERROR(__xludf.DUMMYFUNCTION("""COMPUTED_VALUE"""),9260.0) -> 9260 | C15: =IFERROR(__xludf.DUMMYFUNCTION("""COMPUTED_VALUE"""),"0097385091") -> 0097385091 | D15: =IFERROR(__xludf.DUMMYFUNCTION("""COMPUTED_VALUE"""),"ADHISTIRA WIDAYADILLAH") -> ADHISTIRA WIDAYADILLAH | F15: =VLOOKUP($B15,Userpass!$A$2:$E$3001,2,FALSE) -> tkr20259260.siswa@smkn12malang.sch.id | M15: =VLOOKUP($B15,Userpass!$A$2:$E$3001,3,FALSE) -> 3L6fAy@5
A16: 3 | B16: =IFERROR(__xludf.DUMMYFUNCTION("""COMPUTED_VALUE"""),9284.0) -> 9284 | C16: =IFERROR(__xludf.DUMMYFUNCTION("""COMPUTED_VALUE"""),"3104958814") -> 3104958814 | D16: =IFERROR(__xludf.DUMMYFUNCTION("""COMPUTED_VALUE"""),"AHMAD RAHMAD AFANDI") -> AHMAD RAHMAD AFANDI | F16: =VLOOKUP($B16,Userpass!$A$2:$E$3001,2,FALSE) -> tkr20259284.siswa@smkn12malang.sch.id | M16: =VLOOKUP($B16,Userpass!$A$2:$E$3001,3,FALSE) -> %dwjFZ4q
A17: 4 | B17: =IFERROR(__xludf.DUMMYFUNCTION("""COMPUTED_VALUE"""),9296.0) -> 9296 | C17: =IFERROR(__xludf.DUMMYFUNCTION("""COMPUTED_VALUE"""),"0096580518") -> 0096580518 | D17: =IFERROR(__xludf.DUMMYFUNCTION("""COMPUTED_VALUE"""),"AKSEL SUASTUSAIS VERNANDES") -> AKSEL SUASTUSAIS VERNANDES | F17: =VLOOKUP($B17,Userpass!$A$2:$E$3001,2,FALSE) -> tkr20259296.siswa@smkn12malang.sch.id | M17: =VLOOKUP($B17,Userpass!$A$2:$E$3001,3,FALSE) -> J9KFMKm@
A18: 5 | B18: =IFERROR(__xludf.DUMMYFUNCTION("""COMPUTED_VALUE"""),9307.0) -> 9307 | C18: =IFERROR(__xludf.DUMMYFUNCTION("""COMPUTED_VALUE"""),"0109324966") -> 0109324966 | D18: =IFERROR(__xludf.DUMMYFUNCTION("""COMPUTED_VALUE"""),"ALMIRA NURUL QOLBI") -> ALMIRA NURUL QOLBI | F18: =VLOOKUP($B18,Userpass!$A$2:$E$3001,2,FALSE) -> tkr20259307.siswa@smkn12malang.sch.id | M18: =VLOOKUP($B18,Userpass!$A$2:$E$3001,3,FALSE) -> 8@bQq7Ja
A19: 6 | B19: =IFERROR(__xludf.DUMMYFUNCTION("""COMPUTED_VALUE"""),9319.0) -> 9319 | C19: =IFERROR(__xludf.DUMMYFUNCTION("""COMPUTED_VALUE"""),"0091081451") -> 0091081451 | D19: =IFERROR(__xludf.DUMMYFUNCTION("""COMPUTED_VALUE"""),"ANANDA DAVA RAMADHANI") -> ANANDA DAVA RAMADHANI | F19: =VLOOKUP($B19,Userpass!$A$2:$E$3001,2,FALSE) -> tkr20259319.siswa@smkn12malang.sch.id | M19: =VLOOKUP($B19,Userpass!$A$2:$E$3001,3,FALSE) -> 8hy(fMbg
A20: 7 | B20: =IFERROR(__xludf.DUMMYFUNCTION("""COMPUTED_VALUE"""),8720.0) -> 8720 | C20: =IFERROR(__xludf.DUMMYFUNCTION("""COMPUTED_VALUE"""),"0083019599") -> 0083019599 | D20: =IFERROR(__xludf.DUMMYFUNCTION("""COMPUTED_VALUE"""),"ARIS PUTRA ARDIANSAH") -> ARIS PUTRA ARDIANSAH | E20: =IFERROR(__xludf.DUMMYFUNCTION("""COMPUTED_VALUE"""),"L") -> L | F20: =VLOOKUP($B20,Userpass!$A$2:$E$3001,2,FALSE) -> oto20248720.siswa@smkn12malang.sch.id | M20: =VLOOKUP($B20,Userpass!$A$2:$E$3001,3,FALSE) -> LA&^MyBw3PgB
A21: 8 | B21: =IFERROR(__xludf.DUMMYFUNCTION("""COMPUTED_VALUE"""),9350.0) -> 9350 | C21: =IFERROR(__xludf.DUMMYFUNCTION("""COMPUTED_VALUE"""),"0095140198") -> 0095140198 | D21: =IFERROR(__xludf.DUMMYFUNCTION("""COMPUTED_VALUE"""),"ATHALLAH SYAHMI FIRDAUS CAUNANG") -> ATHALLAH SYAHMI FIRDAUS CAUNANG | F21: =VLOOKUP($B21,Userpass!$A$2:$E$3001,2,FALSE) -> tkr20259350.siswa@smkn12malang.sch.id | M21: =VLOOKUP($B21,Userpass!$A$2:$E$3001,3,FALSE) -> 2fLMQRR&
A22: 9 | B22: =IFERROR(__xludf.DUMMYFUNCTION("""COMPUTED_VALUE"""),8752.0) -> 8752 | C22: =IFERROR(__xludf.DUMMYFUNCTION("""COMPUTED_VALUE"""),"0082093419") -> 0082093419 | D22: =IFERROR(__xludf.DUMMYFUNCTION("""COMPUTED_VALUE"""),"BAYU WAHYU SASMITO") -> BAYU WAHYU SASMITO | E22: =IFERROR(__xludf.DUMMYFUNCTION("""COMPUTED_VALUE"""),"L") -> L | F22: =VLOOKUP($B22,Userpass!$A$2:$E$3001,2,FALSE) -> oto20248752.siswa@smkn12malang.sch.id | M22: =VLOOKUP($B22,Userpass!$A$2:$E$3001,3,FALSE) -> &$=Lc_vB2fFs
A23: 10 | B23: =IFERROR(__xludf.DUMMYFUNCTION("""COMPUTED_VALUE"""),9378.0) -> 9378 | C23: =IFERROR(__xludf.DUMMYFUNCTION("""COMPUTED_VALUE"""),"0094269890") -> 0094269890 | D23: =IFERROR(__xludf.DUMMYFUNCTION("""COMPUTED_VALUE"""),"BIMA NUR ROHMAN") -> BIMA NUR ROHMAN | F23: =VLOOKUP($B23,Userpass!$A$2:$E$3001,2,FALSE) -> tkr20259378.siswa@smkn12malang.sch.id | M23: =VLOOKUP($B23,Userpass!$A$2:$E$3001,3,FALSE) -> 32y@rz4Y
A24: 11 | B24: =IFERROR(__xludf.DUMMYFUNCTION("""COMPUTED_VALUE"""),9383.0) -> 9383 | C24: =IFERROR(__xludf.DUMMYFUNCTION("""COMPUTED_VALUE"""),"0099933296") -> 0099933296 | D24: =IFERROR(__xludf.DUMMYFUNCTION("""COMPUTED_VALUE"""),"CAMELLO LAZUARDY TAMA OHARA") -> CAMELLO LAZUARDY TAMA OHARA | F24: =VLOOKUP($B24,Userpass!$A$2:$E$3001,2,FALSE) -> tkr20259383.siswa@smkn12malang.sch.id | M24: =VLOOKUP($B24,Userpass!$A$2:$E$3001,3,FALSE) -> VX3(SMvD
A25: 12 | B25: =IFERROR(__xludf.DUMMYFUNCTION("""COMPUTED_VALUE"""),9408.0) -> 9408 | C25: =IFERROR(__xludf.DUMMYFUNCTION("""COMPUTED_VALUE"""),"0088153486") -> 0088153486 | D25: =IFERROR(__xludf.DUMMYFUNCTION("""COMPUTED_VALUE"""),"DEVIN ARYA SATYA RAMADHANI") -> DEVIN ARYA SATYA RAMADHANI | F25: =VLOOKUP($B25,Userpass!$A$2:$E$3001,2,FALSE) -> tkr20259408.siswa@smkn12malang.sch.id | M25: =VLOOKUP($B25,Userpass!$A$2:$E$3001,3,FALSE) -> $YS6PVwr
A26: 13 | B26: =IFERROR(__xludf.DUMMYFUNCTION("""COMPUTED_VALUE"""),9420.0) -> 9420 | C26: =IFERROR(__xludf.DUMMYFUNCTION("""COMPUTED_VALUE"""),"0096618760") -> 0096618760 | D26: =IFERROR(__xludf.DUMMYFUNCTION("""COMPUTED_VALUE"""),"DIMAS SETYA PRATAMA") -> DIMAS SETYA PRATAMA | F26: =VLOOKUP($B26,Userpass!$A$2:$E$3001,2,FALSE) -> tkr20259420.siswa@smkn12malang.sch.id | M26: =VLOOKUP($B26,Userpass!$A$2:$E$3001,3,FALSE) -> fzYX3Rx)
A27: 14 | B27: =IFERROR(__xludf.DUMMYFUNCTION("""COMPUTED_VALUE"""),9444.0) -> 9444 | C27: =IFERROR(__xludf.DUMMYFUNCTION("""COMPUTED_VALUE"""),"3085920757") -> 3085920757 | D27: =IFERROR(__xludf.DUMMYFUNCTION("""COMPUTED_VALUE"""),"FAJAR INDRA RAMADANI") -> FAJAR INDRA RAMADANI | F27: =VLOOKUP($B27,Userpass!$A$2:$E$3001,2,FALSE) -> tkr20259444.siswa@smkn12malang.sch.id | M27: =VLOOKUP($B27,Userpass!$A$2:$E$3001,3,FALSE) -> 3SC@3sNu
A28: 15 | B28: =IFERROR(__xludf.DUMMYFUNCTION("""COMPUTED_VALUE"""),9452.0) -> 9452 | C28: =IFERROR(__xludf.DUMMYFUNCTION("""COMPUTED_VALUE"""),"3093011199") -> 3093011199 | D28: =IFERROR(__xludf.DUMMYFUNCTION("""COMPUTED_VALUE"""),"FAREL ARTA PRADITA") -> FAREL ARTA PRADITA | F28: =VLOOKUP($B28,Userpass!$A$2:$E$3001,2,FALSE) -> tkr20259452.siswa@smkn12malang.sch.id | M28: =VLOOKUP($B28,Userpass!$A$2:$E$3001,3,FALSE) -> TamJ#Yx4
A29: 16 | B29: =IFERROR(__xludf.DUMMYFUNCTION("""COMPUTED_VALUE"""),9461.0) -> 9461 | C29: =IFERROR(__xludf.DUMMYFUNCTION("""COMPUTED_VALUE"""),"0092943493") -> 0092943493 | D29: =IFERROR(__xludf.DUMMYFUNCTION("""COMPUTED_VALUE"""),"FELIZYCO ARIESTO EFFENDY") -> FELIZYCO ARIESTO EFFENDY | F29: =VLOOKUP($B29,Userpass!$A$2:$E$3001,2,FALSE) -> tkr20259461.siswa@smkn12malang.sch.id | M29: =VLOOKUP($B29,Userpass!$A$2:$E$3001,3,FALSE) -> f)E4D3n8
A30: 17 | B30: =IFERROR(__xludf.DUMMYFUNCTION("""COMPUTED_VALUE"""),9469.0) -> 9469 | C30: =IFERROR(__xludf.DUMMYFUNCTION("""COMPUTED_VALUE"""),"0107255556") -> 0107255556 | D30: =IFERROR(__xludf.DUMMYFUNCTION("""COMPUTED_VALUE"""),"GABRIEL") -> GABRIEL | F30: =VLOOKUP($B30,Userpass!$A$2:$E$3001,2,FALSE) -> tkr20259469.siswa@smkn12malang.sch.id | M30: =VLOOKUP($B30,Userpass!$A$2:$E$3001,3,FALSE) -> 2EjPXJ(v
A31: 18 | B31: =IFERROR(__xludf.DUMMYFUNCTION("""COMPUTED_VALUE"""),9480.0) -> 9480 | C31: =IFERROR(__xludf.DUMMYFUNCTION("""COMPUTED_VALUE"""),"0091523831") -> 0091523831 | D31: =IFERROR(__xludf.DUMMYFUNCTION("""COMPUTED_VALUE"""),"HANCC VITRA PRATAMA") -> HANCC VITRA PRATAMA | F31: =VLOOKUP($B31,Userpass!$A$2:$E$3001,2,FALSE) -> tkr20259480.siswa@smkn12malang.sch.id | M31: =VLOOKUP($B31,Userpass!$A$2:$E$3001,3,FALSE) -> 3tTGkH)G
A32: 19 | B32: =IFERROR(__xludf.DUMMYFUNCTION("""COMPUTED_VALUE"""),9495.0) -> 9495 | C32: =IFERROR(__xludf.DUMMYFUNCTION("""COMPUTED_VALUE"""),"0095511774") -> 0095511774 | D32: =IFERROR(__xludf.DUMMYFUNCTION("""COMPUTED_VALUE"""),"INDIGO JUDISTIRA PAMUNGKAS") -> INDIGO JUDISTIRA PAMUNGKAS | F32: =VLOOKUP($B32,Userpass!$A$2:$E$3001,2,FALSE) -> tkr20259495.siswa@smkn12malang.sch.id | M32: =VLOOKUP($B32,Userpass!$A$2:$E$3001,3,FALSE) -> N2JrhB$2
A33: 20 | B33: =IFERROR(__xludf.DUMMYFUNCTION("""COMPUTED_VALUE"""),9544.0) -> 9544 | C33: =IFERROR(__xludf.DUMMYFUNCTION("""COMPUTED_VALUE"""),"0096923961") -> 0096923961 | D33: =IFERROR(__xludf.DUMMYFUNCTION("""COMPUTED_VALUE"""),"M YOGI ALGIFAHRI") -> M YOGI ALGIFAHRI | F33: =VLOOKUP($B33,Userpass!$A$2:$E$3001,2,FALSE) -> tkr20259544.siswa@smkn12malang.sch.id | M33: =VLOOKUP($B33,Userpass!$A$2:$E$3001,3,FALSE) -> 3zCLq(Nd
A34: 21 | B34: =IFERROR(__xludf.DUMMYFUNCTION("""COMPUTED_VALUE"""),9570.0) -> 9570 | C34: =IFERROR(__xludf.DUMMYFUNCTION("""COMPUTED_VALUE"""),"0091702170") -> 0091702170 | D34: =IFERROR(__xludf.DUMMYFUNCTION("""COMPUTED_VALUE"""),"MOCH ROFIQURROCHMAN") -> MOCH ROFIQURROCHMAN | F34: =VLOOKUP($B34,Userpass!$A$2:$E$3001,2,FALSE) -> tkr20259570.siswa@smkn12malang.sch.id | M34: =VLOOKUP($B34,Userpass!$A$2:$E$3001,3,FALSE) -> w7M7(TTv
A35: 22 | B35: =IFERROR(__xludf.DUMMYFUNCTION("""COMPUTED_VALUE"""),9579.0) -> 9579 | C35: =IFERROR(__xludf.DUMMYFUNCTION("""COMPUTED_VALUE"""),"0083806353") -> 0083806353 | D35: =IFERROR(__xludf.DUMMYFUNCTION("""COMPUTED_VALUE"""),"MOCHAMMAD AFDAL ROSHAN HAQIQI") -> MOCHAMMAD AFDAL ROSHAN HAQIQI | F35: =VLOOKUP($B35,Userpass!$A$2:$E$3001,2,FALSE) -> tkr20259579.siswa@smkn12malang.sch.id | M35: =VLOOKUP($B35,Userpass!$A$2:$E$3001,3,FALSE) -> @dwbNhG7
A36: 23 | B36: =IFERROR(__xludf.DUMMYFUNCTION("""COMPUTED_VALUE"""),9584.0) -> 9584 | C36: =IFERROR(__xludf.DUMMYFUNCTION("""COMPUTED_VALUE"""),"0103590421") -> 0103590421 | D36: =IFERROR(__xludf.DUMMYFUNCTION("""COMPUTED_VALUE"""),"MOCHAMMAD MOUDI REVANSYACH") -> MOCHAMMAD MOUDI REVANSYACH | F36: =VLOOKUP($B36,Userpass!$A$2:$E$3001,2,FALSE) -> tkr20259584.siswa@smkn12malang.sch.id | M36: =VLOOKUP($B36,Userpass!$A$2:$E$3001,3,FALSE) -> Xk&VhF3e
A37: 24 | B37: =IFERROR(__xludf.DUMMYFUNCTION("""COMPUTED_VALUE"""),9593.0) -> 9593 | C37: =IFERROR(__xludf.DUMMYFUNCTION("""COMPUTED_VALUE"""),"0105657168") -> 0105657168 | D37: =IFERROR(__xludf.DUMMYFUNCTION("""COMPUTED_VALUE"""),"MOHAMAD ZAKY RAGIL JAYAMULYA") -> MOHAMAD ZAKY RAGIL JAYAMULYA | F37: =VLOOKUP($B37,Userpass!$A$2:$E$3001,2,FALSE) -> tkr20259593.siswa@smkn12malang.sch.id | M37: =VLOOKUP($B37,Userpass!$A$2:$E$3001,3,FALSE) -> 5spz9vR#
A38: 25 | B38: =IFERROR(__xludf.DUMMYFUNCTION("""COMPUTED_VALUE"""),9606.0) -> 9606 | C38: =IFERROR(__xludf.DUMMYFUNCTION("""COMPUTED_VALUE"""),"0092268438") -> 0092268438 | D38: =IFERROR(__xludf.DUMMYFUNCTION("""COMPUTED_VALUE"""),"MUHAMMAD ADITYA PRAYOGA") -> MUHAMMAD ADITYA PRAYOGA | F38: =VLOOKUP($B38,Userpass!$A$2:$E$3001,2,FALSE) -> tkr20259606.siswa@smkn12malang.sch.id | M38: =VLOOKUP($B38,Userpass!$A$2:$E$3001,3,FALSE) -> 6@22RpA6
A39: 26 | B39: =IFERROR(__xludf.DUMMYFUNCTION("""COMPUTED_VALUE"""),9622.0) -> 9622 | C39: =IFERROR(__xludf.DUMMYFUNCTION("""COMPUTED_VALUE"""),"0089948301") -> 0089948301 | D39: =IFERROR(__xludf.DUMMYFUNCTION("""COMPUTED_VALUE"""),"MUHAMMAD HAIDAR ALVINO") -> MUHAMMAD HAIDAR ALVINO | F39: =VLOOKUP($B39,Userpass!$A$2:$E$3001,2,FALSE) -> tkr20259622.siswa@smkn12malang.sch.id | M39: =VLOOKUP($B39,Userpass!$A$2:$E$3001,3,FALSE) -> Xj6cu&tY
A40: 27 | B40: =IFERROR(__xludf.DUMMYFUNCTION("""COMPUTED_VALUE"""),9633.0) -> 9633 | C40: =IFERROR(__xludf.DUMMYFUNCTION("""COMPUTED_VALUE"""),"0085548169") -> 0085548169 | D40: =IFERROR(__xludf.DUMMYFUNCTION("""COMPUTED_VALUE"""),"MUHAMMAD REIFANDY DAVIN ALFIANSYAH") -> MUHAMMAD REIFANDY DAVIN ALFIANSYAH | F40: =VLOOKUP($B40,Userpass!$A$2:$E$3001,2,FALSE) -> tkr20259633.siswa@smkn12malang.sch.id | M40: =VLOOKUP($B40,Userpass!$A$2:$E$3001,3,FALSE) -> v_8rB6cT
A41: 28 | B41: =IFERROR(__xludf.DUMMYFUNCTION("""COMPUTED_VALUE"""),9638.0) -> 9638 | C41: =IFERROR(__xludf.DUMMYFUNCTION("""COMPUTED_VALUE"""),"0106559895") -> 0106559895 | D41: =IFERROR(__xludf.DUMMYFUNCTION("""COMPUTED_VALUE"""),"MUHAMMAD ZIDAN AKBAR MAULANA") -> MUHAMMAD ZIDAN AKBAR MAULANA | F41: =VLOOKUP($B41,Userpass!$A$2:$E$3001,2,FALSE) -> tkr20259638.siswa@smkn12malang.sch.id | M41: =VLOOKUP($B41,Userpass!$A$2:$E$3001,3,FALSE) -> RY98$rFR
A42: 29 | B42: =IFERROR(__xludf.DUMMYFUNCTION("""COMPUTED_VALUE"""),9643.0) -> 9643 | C42: =IFERROR(__xludf.DUMMYFUNCTION("""COMPUTED_VALUE"""),"3108151919") -> 3108151919 | D42: =IFERROR(__xludf.DUMMYFUNCTION("""COMPUTED_VALUE"""),"MUKHAMAD IMZA AL FAIZ") -> MUKHAMAD IMZA AL FAIZ | F42: =VLOOKUP($B42,Userpass!$A$2:$E$3001,2,FALSE) -> tkr20259643.siswa@smkn12malang.sch.id | M42: =VLOOKUP($B42,Userpass!$A$2:$E$3001,3,FALSE) -> WJ@z8YFQ
A43: 30 | B43: =IFERROR(__xludf.DUMMYFUNCTION("""COMPUTED_VALUE"""),9699.0) -> 9699 | C43: =IFERROR(__xludf.DUMMYFUNCTION("""COMPUTED_VALUE"""),"0093328670") -> 0093328670 | D43: =IFERROR(__xludf.DUMMYFUNCTION("""COMPUTED_VALUE"""),"RAFA OCTAVIANO PRATAMA") -> RAFA OCTAVIANO PRATAMA | F43: =VLOOKUP($B43,Userpass!$A$2:$E$3001,2,FALSE) -> tkr20259699.siswa@smkn12malang.sch.id | M43: =VLOOKUP($B43,Userpass!$A$2:$E$3001,3,FALSE) -> fZ8wQME)
A44: 31 | B44: =IFERROR(__xludf.DUMMYFUNCTION("""COMPUTED_VALUE"""),9712.0) -> 9712 | C44: =IFERROR(__xludf.DUMMYFUNCTION("""COMPUTED_VALUE"""),"0098976870") -> 0098976870 | D44: =IFERROR(__xludf.DUMMYFUNCTION("""COMPUTED_VALUE"""),"RASYID FERDIANSYAH RAMADHAN SYAHPUTRA") -> RASYID FERDIANSYAH RAMADHAN SYAHPUTRA | F44: =VLOOKUP($B44,Userpass!$A$2:$E$3001,2,FALSE) -> tkr20259712.siswa@smkn12malang.sch.id | M44: =VLOOKUP($B44,Userpass!$A$2:$E$3001,3,FALSE) -> S#Bz4Wmv
A45: 32 | B45: =IFERROR(__xludf.DUMMYFUNCTION("""COMPUTED_VALUE"""),9726.0) -> 9726 | C45: =IFERROR(__xludf.DUMMYFUNCTION("""COMPUTED_VALUE"""),"0102440691") -> 0102440691 | D45: =IFERROR(__xludf.DUMMYFUNCTION("""COMPUTED_VALUE"""),"REYNDRA NIZAM MAHESWARA") -> REYNDRA NIZAM MAHESWARA | F45: =VLOOKUP($B45,Userpass!$A$2:$E$3001,2,FALSE) -> tkr20259726.siswa@smkn12malang.sch.id | M45: =VLOOKUP($B45,Userpass!$A$2:$E$3001,3,FALSE) -> TxuMe4_e
A46: 33 | B46: =IFERROR(__xludf.DUMMYFUNCTION("""COMPUTED_VALUE"""),9742.0) -> 9742 | C46: =IFERROR(__xludf.DUMMYFUNCTION("""COMPUTED_VALUE"""),"0102663650") -> 0102663650 | D46: =IFERROR(__xludf.DUMMYFUNCTION("""COMPUTED_VALUE"""),"RIZKY PUTRA MAULANA") -> RIZKY PUTRA MAULANA | F46: =VLOOKUP($B46,Userpass!$A$2:$E$3001,2,FALSE) -> tkr20259742.siswa@smkn12malang.sch.id | M46: =VLOOKUP($B46,Userpass!$A$2:$E$3001,3,FALSE) -> JAT_m3jR
A47: 34 | B47: =IFERROR(__xludf.DUMMYFUNCTION("""COMPUTED_VALUE"""),9760.0) -> 9760 | C47: =IFERROR(__xludf.DUMMYFUNCTION("""COMPUTED_VALUE"""),"0098420475") -> 0098420475 | D47: =IFERROR(__xludf.DUMMYFUNCTION("""COMPUTED_VALUE"""),"SAMUEL MAHARSI RENATA PAMBUDI") -> SAMUEL MAHARSI RENATA PAMBUDI | F47: =VLOOKUP($B47,Userpass!$A$2:$E$3001,2,FALSE) -> tkr20259760.siswa@smkn12malang.sch.id | M47: =VLOOKUP($B47,Userpass!$A$2:$E$3001,3,FALSE) -> HPK6v8J%
A48: 35 | B48: =IFERROR(__xludf.DUMMYFUNCTION("""COMPUTED_VALUE"""),9790.0) -> 9790 | C48: =IFERROR(__xludf.DUMMYFUNCTION("""COMPUTED_VALUE"""),"0098413542") -> 0098413542 | D48: =IFERROR(__xludf.DUMMYFUNCTION("""COMPUTED_VALUE"""),"SILMI DAIDAN MUCHAMMAD") -> SILMI DAIDAN MUCHAMMAD | F48: =VLOOKUP($B48,Userpass!$A$2:$E$3001,2,FALSE) -> tkr20259790.siswa@smkn12malang.sch.id | M48: =VLOOKUP($B48,Userpass!$A$2:$E$3001,3,FALSE) -> @wV72uvm
A49: 36 | B49: =IFERROR(__xludf.DUMMYFUNCTION("""COMPUTED_VALUE"""),9825.0) -> 9825 | C49: =IFERROR(__xludf.DUMMYFUNCTION("""COMPUTED_VALUE"""),"0091325917") -> 0091325917 | D49: =IFERROR(__xludf.DUMMYFUNCTION("""COMPUTED_VALUE"""),"WIDI ANDRE JULIANTO") -> WIDI ANDRE JULIANTO | F49: =VLOOKUP($B49,Userpass!$A$2:$E$3001,2,FALSE) -> tkr20259825.siswa@smkn12malang.sch.id | M49: =VLOOKUP($B49,Userpass!$A$2:$E$3001,3,FALSE) -> Wh@g4zhe
D51: Jumlah Siswa Laki-Laki : | E51: =COUNTIF($E$14:$E$49,"L") -> 2
D52: Jumlah Siswa Perempuan : | E52: =COUNTIF($E$14:$E$49,"P") -> 0
L53: Malang,
L54: Guru Pengasuh
L60: NIP.

Sheet CetakPenilaian
D1: PEMERINTAH PROVINSI JAWA TIMUR
D2: SMK NEGERI 12 MALANG
D3: Jl. Pahlawan, Balearjosari, Blimbing, Kota Malang, Jawa Timur 65126
D4: Telepon (0341) 400884, Faksimile (0341) 400884
D5: Laman: https://smkn12malang.sch.id, Pos-el: surat@smkn12malang.sch.id
D7: DAFTAR PESERTA DIDIK
D8: TAHUN PELAJARAN 2024/2025
D9: SEMESTER GASAL
B11: Wali Kelas: | C11: =VLOOKUP(N11,Walas!A2:B89,2,FALSE) -> YENI INDAH KURNIAWATI, M.Pd | M11: Kelas: | N11: XIIAKL2
A13: NO | B13: NIS | C13: NISN | D13: NAMA | E13: L/P | F13: D1 | G13: D2 | H13: D3 | I13: D4 | J13: D5 | K13: D6 | L13: D7 | M13: D8 | N13: D9 | O13: D10 | P13: KET
A14: 1 | B14: =IFERROR(__xludf.DUMMYFUNCTION("FILTER(MasterData!C2:F1845,MasterData!G2:G1845=N11)"),8033.0) -> 8033 | C14: =IFERROR(__xludf.DUMMYFUNCTION("""COMPUTED_VALUE"""),"0082728366") -> 0082728366 | D14: =IFERROR(__xludf.DUMMYFUNCTION("""COMPUTED_VALUE"""),"ADELIA NIZMA WARDHANI") -> ADELIA NIZMA WARDHANI | E14: =IFERROR(__xludf.DUMMYFUNCTION("""COMPUTED_VALUE"""),"P") -> P
A15: 2 | B15: =IFERROR(__xludf.DUMMYFUNCTION("""COMPUTED_VALUE"""),8076.0) -> 8076 | C15: =IFERROR(__xludf.DUMMYFUNCTION("""COMPUTED_VALUE"""),"0081539088") -> 0081539088 | D15: =IFERROR(__xludf.DUMMYFUNCTION("""COMPUTED_VALUE"""),"ALVINA AMALIA SUBHAN") -> ALVINA AMALIA SUBHAN | E15: =IFERROR(__xludf.DUMMYFUNCTION("""COMPUTED_VALUE"""),"P") -> P
A16: 3 | B16: =IFERROR(__xludf.DUMMYFUNCTION("""COMPUTED_VALUE"""),8082.0) -> 8082 | C16: =IFERROR(__xludf.DUMMYFUNCTION("""COMPUTED_VALUE"""),"0088804628") -> 0088804628 | D16: =IFERROR(__xludf.DUMMYFUNCTION("""COMPUTED_VALUE"""),"ALZENA AYU NABILA HAKIM") -> ALZENA AYU NABILA HAKIM | E16: =IFERROR(__xludf.DUMMYFUNCTION("""COMPUTED_VALUE"""),"P") -> P
A17: 4 | B17: =IFERROR(__xludf.DUMMYFUNCTION("""COMPUTED_VALUE"""),8097.0) -> 8097 | C17: =IFERROR(__xludf.DUMMYFUNCTION("""COMPUTED_VALUE"""),"0079985645") -> 0079985645 | D17: =IFERROR(__xludf.DUMMYFUNCTION("""COMPUTED_VALUE"""),"ANGGITA DWI PUSPITANINGRUM") -> ANGGITA DWI PUSPITANINGRUM | E17: =IFERROR(__xludf.DUMMYFUNCTION("""COMPUTED_VALUE"""),"P") -> P
A18: 5 | B18: =IFERROR(__xludf.DUMMYFUNCTION("""COMPUTED_VALUE"""),8102.0) -> 8102 | C18: =IFERROR(__xludf.DUMMYFUNCTION("""COMPUTED_VALUE"""),"0079739922") -> 0079739922 | D18: =IFERROR(__xludf.DUMMYFUNCTION("""COMPUTED_VALUE"""),"ANNISA NAILATUL IZZAH") -> ANNISA NAILATUL IZZAH | E18: =IFERROR(__xludf.DUMMYFUNCTION("""COMPUTED_VALUE"""),"P") -> P
A19: 6 | B19: =IFERROR(__xludf.DUMMYFUNCTION("""COMPUTED_VALUE"""),8120.0) -> 8120 | C19: =IFERROR(__xludf.DUMMYFUNCTION("""COMPUTED_VALUE"""),"0088523554") -> 0088523554 | D19: =IFERROR(__xludf.DUMMYFUNCTION("""COMPUTED_VALUE"""),"ATHIYA BILQIS AIF GHASSANI") -> ATHIYA BILQIS AIF GHASSANI | E19: =IFERROR(__xludf.DUMMYFUNCTION("""COMPUTED_VALUE"""),"P") -> P
A20: 7 | B20: =IFERROR(__xludf.DUMMYFUNCTION("""COMPUTED_VALUE"""),8125.0) -> 8125 | C20: =IFERROR(__xludf.DUMMYFUNCTION("""COMPUTED_VALUE"""),"0086121030") -> 0086121030 | D20: =IFERROR(__xludf.DUMMYFUNCTION("""COMPUTED_VALUE"""),"AYU CINTIYA NOVITA SARI") -> AYU CINTIYA NOVITA SARI | E20: =IFERROR(__xludf.DUMMYFUNCTION("""COMPUTED_VALUE"""),"P") -> P
A21: 8
A22: 9
A23: 10
A24: 11
A25: 12
A26: 13
A27: 14
A28: 15
A29: 16
A30: 17
A31: 18
A32: 19
... A49: 36
D51: Jumlah Siswa Laki-Laki : | E51: =COUNTIF($E$14:$E$49,"L") -> 0
D52: Jumlah Siswa Perempuan : | E52: =COUNTIF($E$14:$E$49,"P") -> 7
L53: Malang,
L54: Guru Pengasuh
L60: NIP.

Sheet Walas
A1: Tugas | B1: Nama GTK
A2: XAKN1 | B2: KARUNIA INDAYARTI, S.Pd
A3: XAKN2 | B3: WAHYU SURYANDARI, S.Pd
A4: XAKN3 | B4: LISSA'ADAH, S.Ag., M.Pd.I
A5: XAKN4 | B5: FAJAR ROCHANI, S.Pd
A6: XDKV1 | B6: YUNUS WARDANA, S.Kom
A7: XDKV2 | B7: ISBANDRIYAWATI, S.Pd
A8: XIAKL1 | B8: TATIK ARIFATUL KHOIRIYAH, S.Pd
A9: XIAKL2 | B9: DITA SAVITRI, S.Pd, MM
A10: XIAKL3 | B10: KAMALAT FIKA LIDINILLAH, S.Pd
A11: XIAKL4 | B11: JULA DIAN FEBRUARINA, S.Pd
A12: XIBCF1 | B12: SYAIFUL ANWAR DHARTAMUDA, M.Pd.I
... A52: XTSM2 | B52: ARIF KURNIA PUTRA, S.Pd
B53: DIYAN WAHYU ASTUTI, S.Kom
B54: A. ROSYIDATUS SAADAH, S.Pd
B55: AAN SUSANTO, S.Pd
B56: ACHMAD IMRON FANANIE, S.Pd
B57: ACHMAD KHOFIYULLOH, S.P
B58: ACHMAD SUPRAYITNO, S.Pd
B59: ANIS SETYOWATI, S.Pd
B60: ANISATU SOLIKHAH, S.Pd, Gr
B61: ANTON WIBOWO
B62: AYU PUSPARINI, S.Pd
B63: Drs. JOKO PRAMONO
B64: Drs. S. HADI ANSORI
... B86: YANI ZULKARNAIN
